,Name,ChW,TotCh,ChW%,SO,VFB,VAP,TotV,TCA,TC%,wTCR,TotJ,SurvSc,SurvAv,Days,Non-VFB,InRCA,InRCW,InICA,InICW,InChA,InChW,Season,TRCA,TRCW,TICA,TICW,TChA,TChW,TChW%,Exile,age,state,Won,Name_Index,state_D.C.,season,gender,occupation,Idols found,Idols held,Idols played,Votes voided,Boot avoided,Tie avoided
0,Kelly Wiglesworth,5.87,15.1,0.39,2,6,0,73,11,0.55,3.82,7,0.9314285710000001,9.688571426,39,5,5.0,1.0,8,4,13.0,5.0,1,5.0,2.0,6,3.0,11.0,5.0,0.454545455,0,22,Nevada,0,0,0,1.0,0,River Guide,0.0,0.0,0.0,0.0,0.0,0.0
1,Richard Hatch,1.87,15.1,0.12,0,10,6,73,11,0.9,2.55,7,1.028571429,4.411428574,39,1,5.0,0.0,8,1,13.0,1.0,1,5.0,2.0,6,3.0,11.0,5.0,0.454545455,0,39,Rhode Island,1,1,0,1.0,1,Corporate Trainer,0.0,0.0,0.0,0.0,0.0,0.0
2,Gretchen Cordy,1.23,3.07,0.4,0,3,4,31,4,0.72,2.63,7,1.12,3.85,21,1,0.0,0.0,1,0,1.0,0.0,1,5.0,3.0,6,3.0,11.0,6.0,0.545454546,0,38,Tennessee,0,2,0,1.0,0,Teacher,0.0,0.0,0.0,0.0,0.0,0.0
3,Rudy Boesch,1.62,15.1,0.11,3,10,8,73,11,0.9,2.12,7,1.01,3.74,38,1,5.0,0.0,8,1,13.0,1.0,1,5.0,2.0,6,2.0,11.0,4.0,0.363636364,0,72,Virginia,0,3,0,1.0,1,Retired Navy SEAL,0.0,0.0,0.0,0.0,0.0,0.0
4,Gervase Peterson,2.89,9.07,0.32,2,1,6,55,7,0.13,0.4,7,0.45,3.29,30,6,3.0,1.0,4,1,7.0,2.0,1,5.0,2.0,6,3.0,11.0,5.0,0.454545455,0,30,New Jersey,0,4,0,1.0,1,YMCA Basketball Coach; Cigar Lounge Owner,0.0,0.0,0.0,0.0,0.0,0.0
5,Joel Klug,0.89,2.07,0.43,1,2,4,21,3,0.6,2.33,7,1.03,3.23,18,1,0.0,0.0,0,0,0.0,0.0,1,5.0,2.0,6,3.0,11.0,5.0,0.454545455,0,27,Arkansas,0,5,0,1.0,1,Health Club Consultant,0.0,0.0,0.0,0.0,0.0,0.0
6,Greg Buis,2.56,5.07,0.5,2,1,6,40,5,0.17,0.56,7,0.67,3.12,24,4,1.0,1.0,2,1,3.0,2.0,1,5.0,1.0,6,3.0,11.0,4.0,0.363636364,0,24,Colorado,0,6,0,1.0,1,Ivy League Graduate,0.0,0.0,0.0,0.0,0.0,0.0
7,Dirk Been,0.62,1.51,0.41,1,2,4,21,3,0.6,2.33,7,1.01,2.95,15,1,0.0,0.0,0,0,0.0,0.0,1,4.0,2.0,5,2.0,9.0,4.0,0.444444444,0,23,Wisconsin,0,7,0,1.0,1,Dairy Farmer,0.0,0.0,0.0,0.0,0.0,0.0
8,Colleen Haskell,1.56,11.07,0.14,3,3,7,61,8,0.36,0.95,7,0.5,2.51,33,5,4.0,1.0,5,0,9.0,1.0,1,5.0,1.0,6,3.0,11.0,4.0,0.363636364,0,23,Florida,0,8,0,1.0,0,Student,0.0,0.0,0.0,0.0,0.0,0.0
9,Jenna Lewis,1.23,7.07,0.17,0,4,11,48,6,0.63,1.24,7,0.8,2.47,27,2,2.0,0.0,3,0,5.0,0.0,1,5.0,3.0,6,3.0,11.0,6.0,0.545454546,0,22,New Hampshire,0,9,0,1.0,0,Student,0.0,0.0,0.0,0.0,0.0,0.0
10,Ramona Gray,0.39,0.99,0.4,1,1,6,15,2,0.3,1.4,7,0.7,1.79,12,1,0.0,0.0,0,0,0.0,0.0,1,3.0,1.0,4,2.0,7.0,3.0,0.428571429,0,29,New Jersey,0,10,0,1.0,0,Biochemist/Chemist,0.0,0.0,0.0,0.0,0.0,0.0
11,Stacey Stillman,0.29,0.68,0.42,0,0,6,15,2,-0.2,0.0,7,0.22,0.29,9,2,0.0,0.0,0,0,0.0,0.0,1,2.0,1.0,3,1.0,5.0,2.0,0.4,0,27,California,0,11,0,1.0,0,Attorney,0.0,0.0,0.0,0.0,0.0,0.0
12,B.B. Andersen,0.25,0.39,0.64,0,0,6,8,1,-0.75,0.0,7,-0.11,0.25,6,1,0.0,0.0,0,0,0.0,0.0,1,1.0,1.0,2,1.0,3.0,2.0,0.666666667,0,64,Kansas,0,12,0,1.0,1,Real Estate Developer,0.0,0.0,0.0,0.0,0.0,0.0
13,Sonja Christopher,0.0,0.13,0.0,0,0,4,8,1,-0.5,0.0,7,-0.5,0.0,3,1,0.0,0.0,0,0,0.0,0.0,1,0.0,0.0,1,0.0,1.0,0.0,0.0,0,63,California,0,13,0,1.0,0,Musician,0.0,0.0,0.0,0.0,0.0,0.0
14,Colby Donaldson,8.09,13.09,0.62,0,10,5,73,11,0.9,2.83,7,1.52,10.91,42,1,3.0,2.0,8,5,11.0,7.0,2,6.0,3.0,5,2.0,11.0,5.0,0.454545455,0,26,Texas,0,14,0,2.0,1,Auto Customizer,0.0,0.0,0.0,0.0,0.0,0.0
15,Tina Wesson,0.59,13.09,0.05,0,11,0,73,11,1.0,7.0,7,1.0500000000000003,7.6,42,0,3.0,0.0,8,0,11.0,0.0,2,6.0,2.0,5,2.0,11.0,4.0,0.363636364,0,40,Tennessee,1,15,0,2.0,0,Personal Nurse; Motivational Speaker,0.0,0.0,0.0,0.0,0.0,0.0
16,Keith Famie,2.59,13.09,0.2,0,9,8,73,11,0.81,1.91,7,1.01,4.5,41,2,3.0,0.0,8,2,11.0,2.0,2,6.0,2.0,5,2.0,11.0,4.0,0.363636364,0,40,Michigan,0,16,0,2.0,1,Chef,0.0,0.0,0.0,0.0,0.0,0.0
17,Nick Brown,1.97,7.03,0.28,0,3,4,49,6,0.49,1.75,7,0.77,3.72,30,3,1.0,0.0,4,1,5.0,1.0,2,6.0,3.0,5,3.0,11.0,6.0,0.545454546,0,23,Washington,0,17,0,2.0,1,Harvard Law Student,0.0,0.0,0.0,0.0,0.0,0.0
18,Jerri Manthey,2.09,6.09,0.34,0,4,12,48,6,0.63,1.17,7,0.97,3.26,27,2,1.0,1.0,3,0,4.0,1.0,2,6.0,3.0,5,2.0,11.0,5.0,0.454545455,0,30,California,0,18,0,2.0,0,Aspiring Actress,0.0,0.0,0.0,0.0,0.0,0.0
19,Mitchell Olson,0.39,0.99,0.4,0,2,4,21,3,0.6,2.33,7,1.0,2.73,12,1,0.0,0.0,0,0,0.0,0.0,2,3.0,2.0,4,1.0,7.0,3.0,0.428571429,0,23,New Jersey,0,19,0,2.0,1,Singer/Songwriter,0.0,0.0,0.0,0.0,0.0,0.0
20,Jeff Varner,0.97,2.53,0.38,0,2,7,25,3,0.57,1.7,7,0.96,2.67,21,1,0.0,0.0,1,0,1.0,0.0,2,5.0,3.0,5,3.0,10.0,6.0,0.6,0,34,North Carolina,0,20,0,2.0,1,Internet Projects Manager,0.0,0.0,0.0,0.0,0.0,0.0
21,Alicia Calaway,0.97,4.53,0.21,0,2,5,34,4,0.46,1.56,7,0.68,2.53,24,2,1.0,0.0,2,0,3.0,0.0,2,5.0,3.0,5,3.0,10.0,6.0,0.6,0,32,New York,0,21,0,2.0,0,Personal Trainer,0.0,0.0,0.0,0.0,0.0,0.0
22,Elisabeth Filarski,0.97,12.03,0.08,0,4,5,64,9,0.44,1.38,7,0.52,2.35,39,5,3.0,0.0,7,0,10.0,0.0,2,6.0,3.0,5,3.0,11.0,6.0,0.545454546,0,23,Massachusetts,0,22,0,2.0,0,Footwear Designer,0.0,0.0,0.0,0.0,0.0,0.0
23,Amber Brkich,0.59,9.09,0.07,0,5,6,61,8,0.61,1.75,7,0.68,2.34,33,3,2.0,0.0,5,0,7.0,0.0,2,6.0,2.0,5,2.0,11.0,4.0,0.363636364,0,22,Pennsylvania,0,23,0,2.0,0,Administrative Assistant,0.0,0.0,0.0,0.0,0.0,0.0
24,Rodger Bingham,0.57,10.03,0.06,2,4,5,60,8,0.49,1.56,7,0.55,2.13,36,4,2.0,0.0,6,0,8.0,0.0,2,6.0,1.0,5,3.0,11.0,4.0,0.363636364,0,53,Kentucky,0,24,0,2.0,1,Teacher/Farmer,0.0,0.0,0.0,0.0,0.0,0.0
25,Kimmi Kappenberg,0.57,1.33,0.43,1,1,6,15,2,0.3,1.4,7,0.73,1.97,15,1,0.0,0.0,0,0,0.0,0.0,2,4.0,1.0,5,3.0,9.0,4.0,0.444444444,0,27,New York,0,25,0,2.0,0,Bartender,0.0,0.0,0.0,0.0,0.0,0.0
26,Maralyn Hershey,0.39,0.66,0.59,0,1,5,15,2,0.33,1.56,7,0.93,1.95,9,1,0.0,0.0,0,0,0.0,0.0,2,2.0,2.0,3,1.0,5.0,3.0,0.6,0,51,Virginia,0,26,0,2.0,0,Retired Police Officer,0.0,0.0,0.0,0.0,0.0,0.0
27,Kel Gleason,0.25,0.38,0.67,0,0,7,8,1,-0.88,0.0,7,-0.21,0.25,6,1,0.0,0.0,0,0,0.0,0.0,2,1.0,1.0,2,1.0,3.0,2.0,0.666666667,0,32,Texas,0,27,0,2.0,1,Army Intelligence Officer,0.0,0.0,0.0,0.0,0.0,0.0
28,Debb Eaton,0.0,0.13,0.0,0,0,7,8,1,-0.88,0.0,7,-0.88,0.0,3,1,0.0,0.0,0,0,0.0,0.0,2,0.0,0.0,1,0.0,1.0,0.0,0.0,0,45,New Hampshire,0,28,0,2.0,0,Corrections Officer,0.0,0.0,0.0,0.0,0.0,0.0
29,Ethan Zohn,2.87,13.31,0.22,0,11,0,73,11,1.0,7.0,7,1.22,9.89,39,0,3.0,1.0,8,1,11.0,2.0,3,6.0,2.0,6,3.0,12.0,5.0,0.41666666700000005,0,27,Massachusetts,1,29,0,3.0,1,Professional Soccer Player,0.0,0.0,0.0,0.0,0.0,0.0
30,Kim Johnson,2.87,13.31,0.22,0,11,1,73,11,1.0,5.6,7,1.21,8.44,39,0,3.0,0.0,8,2,11.0,2.0,3,6.0,2.0,6,3.0,12.0,5.0,0.41666666700000005,0,56,New York,0,30,0,3.0,0,Retired Teacher,0.0,0.0,0.0,0.0,0.0,0.0
31,Lex van den Berghe,5.87,13.31,0.44,0,9,10,73,11,0.81,1.64,7,1.25,7.5,38,2,3.0,2.0,8,3,11.0,5.0,3,6.0,2.0,6,3.0,12.0,5.0,0.41666666700000005,0,38,California,0,31,0,3.0,1,Marketing Manager,0.0,0.0,0.0,0.0,0.0,0.0
32,Teresa Cooper,1.93,11.29,0.17,2,3,4,66,9,0.33,1.17,7,0.5,3.09,36,6,3.0,0.0,6,1,9.0,1.0,3,6.0,3.0,6,3.0,12.0,6.0,0.5,0,42,Georgia,0,32,0,3.0,0,Flight Attendant,0.0,0.0,0.0,0.0,0.0,0.0
33,Kim Powers,0.93,9.29,0.1,1,5,4,61,8,0.62,2.19,7,0.72,3.11,33,3,2.0,0.0,5,0,7.0,0.0,3,6.0,3.0,6,3.0,12.0,6.0,0.5,0,29,Pennsylvania,0,33,0,3.0,0,Freelance Marketer,0.0,0.0,0.0,0.0,0.0,0.0
34,Frank Garrison,1.43,7.29,0.2,0,3,9,55,7,0.41,0.92,7,0.6,2.35,30,4,1.0,0.0,4,0,5.0,0.0,3,6.0,4.0,6,3.0,12.0,7.0,0.583333333,0,43,New York,0,34,0,3.0,1,Telephone Technician,0.0,0.0,0.0,0.0,0.0,0.0
35,Brandon Quinton,1.43,6.29,0.23,1,4,6,48,6,0.65,1.87,7,0.87,3.29,27,2,1.0,0.0,3,0,4.0,0.0,3,6.0,4.0,6,3.0,12.0,7.0,0.583333333,0,25,Texas,0,35,0,3.0,1,Bartender,0.0,0.0,0.0,0.0,0.0,0.0
36,Kelly Goldsmith,0.87,4.81,0.18,1,4,5,40,5,0.78,2.49,7,0.96,3.36,24,1,1.0,0.0,2,0,3.0,0.0,3,5.0,2.0,6,3.0,11.0,5.0,0.454545455,0,22,California,0,36,0,3.0,0,Behavioral Research Analyst,0.0,0.0,0.0,0.0,0.0,0.0
37,Clarence Black,0.87,2.81,0.31,0,3,12,31,4,0.65,1.31,7,0.96,2.18,21,1,0.0,0.0,1,0,1.0,0.0,3,5.0,2.0,6,3.0,11.0,5.0,0.454545455,0,24,Michigan,0,37,0,3.0,1,Basketball Coach,0.0,0.0,0.0,0.0,0.0,0.0
38,Lindsey Richter,0.93,1.79,0.52,0,2,7,21,3,0.56,1.7,7,1.07,2.62,18,1,0.0,0.0,0,0,0.0,0.0,3,5.0,3.0,6,3.0,11.0,6.0,0.545454546,0,26,Oregon,0,38,0,3.0,0,Advertising Executive,0.0,0.0,0.0,0.0,0.0,0.0
39,Silas Gaither,0.73,1.39,0.52,0,2,8,21,3,0.54,1.56,7,1.06,2.28,15,1,0.0,0.0,0,0,0.0,0.0,3,4.0,3.0,5,2.0,9.0,5.0,0.5555555560000001,0,23,Tennessee,0,39,0,3.0,1,Bartender,0.0,0.0,0.0,0.0,0.0,0.0
40,Linda Spencer,0.25,1.06,0.24,2,0,4,15,2,-0.13,0.0,7,0.1,0.25,12,2,0.0,0.0,0,0,0.0,0.0,3,3.0,0.0,4,2.0,7.0,2.0,0.28571428600000004,0,44,Massachusetts,0,40,0,3.0,0,Career Counselor,0.0,0.0,0.0,0.0,0.0,0.0
41,Carl Bilancione,0.39,0.73,0.54,1,0,4,8,1,-0.5,0.0,7,0.04,0.39,9,1,0.0,0.0,0,0,0.0,0.0,3,2.0,1.0,3,2.0,5.0,3.0,0.6,0,46,Florida,0,41,0,3.0,1,Dentist,0.0,0.0,0.0,0.0,0.0,0.0
42,Jessie Camacho,0.0,0.41,0.0,0,1,5,15,2,0.33,1.56,7,0.33,1.56,6,1,0.0,0.0,0,0,0.0,0.0,3,1.0,0.0,2,0.0,3.0,0.0,0.0,0,26,Florida,0,42,0,3.0,0,Deputy Sheriff,0.0,0.0,0.0,0.0,0.0,0.0
43,Diane Ogden,0.0,0.13,0.0,0,0,6,8,1,-0.75,0.0,7,-0.75,0.0,3,1,0.0,0.0,0,0,0.0,0.0,3,0.0,0.0,1,0.0,1.0,0.0,0.0,0,42,Nebraska,0,43,0,3.0,0,U.S. Mail Carrier,0.0,0.0,0.0,0.0,0.0,0.0
44,Vecepia Towery,2.45,15.35,0.16,2,9,2,81,12,0.75,3.5,7,0.91,5.960000000000001,39,3,4.0,0.0,8,2,12.0,2.0,4,4.0,0.0,6,2.0,10.0,2.0,0.2,0,36,Oregon,1,44,0,4.0,0,Office Manager,0.0,0.0,0.0,0.0,0.0,0.0
45,Neleh Dennis,2.34,15.33,0.15,1,9,4,61,10,0.89,3.15,7,1.04,5.48,39,1,4.0,0.0,8,1,12.0,1.0,4,4.0,3.0,6,4.0,10.0,7.0,0.7,0,21,Utah,0,45,0,4.0,0,Student,0.0,0.0,0.0,0.0,0.0,0.0
46,Kathy Vavrick-O'Brien,5.51,15.33,0.36,0,7,5,61,10,0.69,2.18,7,1.05,7.69,38,3,4.0,2.0,8,2,12.0,4.0,4,4.0,4.0,6,4.0,10.0,8.0,0.8,0,46,Vermont,0,46,0,4.0,0,Real Estate Agent,0.0,0.0,0.0,0.0,0.0,0.0
47,Tammy Leitner,3.01,9.33,0.32,3,3,5,42,5,0.58,1.87,7,0.9,4.88,30,2,2.0,0.0,4,2,6.0,2.0,4,4.0,2.0,6,4.0,10.0,6.0,0.6,0,29,Arizona,0,47,0,4.0,0,Crime Reporter,0.0,0.0,0.0,0.0,0.0,0.0
48,Sean Rector,1.75,13.35,0.13,3,7,7,74,10,0.69,1.78,7,0.82,3.53,36,3,4.0,1.0,6,0,10.0,1.0,4,4.0,0.0,6,1.0,10.0,1.0,0.1,0,30,New York,0,48,0,4.0,1,Teacher,0.0,0.0,0.0,0.0,0.0,0.0
49,Robert DeCanio,1.62,11.33,0.14,4,3,6,48,6,0.48,1.4,7,0.62,3.02,33,3,3.0,0.0,5,1,8.0,1.0,4,4.0,1.0,6,3.0,10.0,4.0,0.4,0,38,New York,0,49,0,4.0,1,Limousine Driver,0.0,0.0,0.0,0.0,0.0,0.0
50,Gina Crews,0.75,2.85,0.26,1,2,3,30,5,0.38,1.6,7,0.64,2.35,18,3,0.0,0.0,0,0,0.0,0.0,4,4.0,2.0,6,1.0,10.0,3.0,0.3,0,28,Florida,0,50,0,4.0,0,Nature Guide,0.0,0.0,0.0,0.0,0.0,0.0
51,John Carroll,0.56,5.83,0.1,4,2,8,27,3,0.57,1.56,7,0.66,2.12,24,1,1.0,0.0,2,0,3.0,0.0,4,4.0,2.0,6,2.0,10.0,4.0,0.4,0,36,Nebraska,0,51,0,4.0,1,Registered Nurse,0.0,0.0,0.0,0.0,0.0,0.0
52,Patricia Jackson,0.0,1.29,0.0,0,1,5,15,2,0.33,1.56,7,0.33,1.56,6,1,0.0,0.0,0,0,0.0,0.0,4,1.0,0.0,2,0.0,3.0,0.0,0.0,0,49,South Carolina,0,52,0,4.0,0,Truck Assembler,0.0,0.0,0.0,0.0,0.0,0.0
53,Sarah Jones,0.0,1.85,0.0,0,3,11,26,4,0.64,1.4,7,0.64,1.4,12,1,0.0,0.0,0,0,0.0,0.0,4,2.0,0.0,4,0.0,6.0,0.0,0.0,0,24,California,0,53,0,4.0,0,Account Manager,0.0,0.0,0.0,0.0,0.0,0.0
54,Hunter Ellis,0.0,1.65,0.0,0,1,4,21,3,0.27,1.17,7,0.27,1.17,9,2,0.0,0.0,0,0,0.0,0.0,4,2.0,0.0,3,0.0,5.0,0.0,0.0,0,33,California,0,54,0,4.0,1,Former Navy Fighter Pilot,0.0,0.0,0.0,0.0,0.0,0.0
55,Gabriel Cade,0.96,2.33,0.41,1,0,7,8,1,-0.88,0.0,7,-0.46,0.96,15,1,0.0,0.0,0,0,0.0,0.0,4,3.0,2.0,5,3.0,8.0,5.0,0.625,0,23,North Carolina,0,55,0,4.0,1,Bartender,0.0,0.0,0.0,0.0,0.0,0.0
56,Peter Harkey,0.0,1.0,0.0,0,0,5,8,1,-0.63,0.0,7,-0.63,0.0,3,1,0.0,0.0,0,0,0.0,0.0,4,0.0,0.0,1,0.0,1.0,0.0,0.0,0,44,Massachusetts,0,56,0,4.0,1,Bowling Alley Owner,0.0,0.0,0.0,0.0,0.0,0.0
57,Brian Heidik,6.18,12.13,0.51,0,9,0,54,9,1.0,7.0,7,1.5100000000000002,13.19,39,0,4.0,2.0,6,3,10.0,5.0,5,4.0,1.0,8,5.0,12.0,6.0,0.5,0,34,California,1,57,0,5.0,1,Used Car Salesman,0.0,0.0,0.0,0.0,0.0,0.0
58,Clay Jordan,2.18,12.13,0.18,0,8,3,54,9,0.88,3.56,7,1.06,5.73,39,1,4.0,0.0,6,1,10.0,1.0,5,4.0,1.0,8,5.0,12.0,6.0,0.5,0,46,Louisiana,0,58,0,5.0,1,Restaurant Owner,0.0,0.0,0.0,0.0,0.0,0.0
59,Helen Glover,2.93,11.13,0.26,1,6,5,51,8,0.74,2.33,7,1.0,5.27,37,2,4.0,1.0,5,1,9.0,2.0,5,4.0,1.0,8,4.0,12.0,5.0,0.41666666700000005,0,47,Rhode Island,0,59,0,5.0,0,Navy Swim Instructor,0.0,0.0,0.0,0.0,0.0,0.0
60,Erin Collins,0.94,2.13,0.44,2,4,3,30,5,0.78,3.2,7,1.22,4.14,24,1,0.0,0.0,0,0,0.0,0.0,5,4.0,3.0,8,3.0,12.0,6.0,0.5,0,26,Texas,0,60,0,5.0,0,Real Estate Agent,0.0,0.0,0.0,0.0,0.0,0.0
61,Jan Gentry,1.18,12.13,0.1,0,7,5,54,9,0.77,2.42,7,0.87,3.6,38,2,4.0,0.0,6,0,10.0,0.0,5,4.0,1.0,8,5.0,12.0,6.0,0.5,0,53,Florida,0,61,0,5.0,0,Teacher,0.0,0.0,0.0,0.0,0.0,0.0
62,Ken Stafford,0.94,4.13,0.23,2,5,6,38,6,0.81,2.33,7,1.04,3.28,27,1,1.0,0.0,1,0,2.0,0.0,5,4.0,3.0,8,3.0,12.0,6.0,0.5,0,30,New York,0,62,0,5.0,1,NYC Police Officer,0.0,0.0,0.0,0.0,0.0,0.0
63,Penny Ramsey,0.94,6.13,0.15,1,5,5,45,7,0.7,2.22,7,0.85,3.17,30,2,2.0,0.0,2,0,4.0,0.0,5,4.0,3.0,8,3.0,12.0,6.0,0.5,0,27,Texas,0,63,0,5.0,0,Pharmaceutical Sales,0.0,0.0,0.0,0.0,0.0,0.0
64,Jake Billingsley,0.94,8.13,0.12,1,5,7,51,8,0.61,1.59,7,0.72,2.53,33,3,3.0,0.0,3,0,6.0,0.0,5,4.0,3.0,8,3.0,12.0,6.0,0.5,0,60,Texas,0,64,0,5.0,1,Land Broker,0.0,0.0,0.0,0.0,0.0,0.0
65,Tanya Vance,0.0,0.41,0.0,0,1,5,15,2,0.33,1.56,7,0.33,1.56,6,1,0.0,0.0,0,0,0.0,0.0,5,1.0,0.0,2,0.0,3.0,0.0,0.0,0,27,Tennessee,0,65,0,5.0,0,Social Worker,0.0,0.0,0.0,0.0,0.0,0.0
66,Ghandia Johnson,0.33,1.08,0.31,0,1,5,21,3,0.25,1.04,7,0.56,1.37,12,2,0.0,0.0,0,0,0.0,0.0,5,3.0,1.0,4,1.0,7.0,2.0,0.28571428600000004,0,33,Colorado,0,66,0,5.0,0,Legal Secretary,0.0,0.0,0.0,0.0,0.0,0.0
67,Robb Zbacnik,0.94,1.68,0.56,1,0,5,21,3,-0.08,0.0,7,0.48,0.94,18,3,0.0,0.0,0,0,0.0,0.0,5,4.0,3.0,6,3.0,10.0,6.0,0.6,0,23,Arizona,0,67,0,5.0,1,Bartender,0.0,0.0,0.0,0.0,0.0,0.0
68,Stephanie Dill,0.43,1.28,0.34,2,0,5,15,2,-0.17,0.0,7,0.17,0.43,15,2,0.0,0.0,0,0,0.0,0.0,5,3.0,1.0,5,2.0,8.0,3.0,0.375,0,29,Arkansas,0,68,0,5.0,0,Firefighter,0.0,0.0,0.0,0.0,0.0,0.0
69,Jed Hildebrand,0.41,0.74,0.55,0,0,5,8,1,-0.63,0.0,7,-0.07,0.41,9,1,0.0,0.0,0,0,0.0,0.0,5,2.0,1.0,3,2.0,5.0,3.0,0.6,0,25,Texas,0,69,0,5.0,1,Dental Student,0.0,0.0,0.0,0.0,0.0,0.0
70,John Raymond,0.0,0.13,0.0,0,0,6,8,1,-0.75,0.0,7,-0.75,0.0,3,1,0.0,0.0,0,0,0.0,0.0,5,0.0,0.0,1,0.0,1.0,0.0,0.0,0,40,Louisiana,0,70,0,5.0,1,Pastor,0.0,0.0,0.0,0.0,0.0,0.0
71,Jenna Morasca,4.72,12.93,0.37,2,9,3,73,11,0.81,3.27,7,1.1800000000000002,7.98,39,2,3.0,0.0,8,4,11.0,4.0,6,5.0,2.0,6,3.0,11.0,5.0,0.454545455,0,21,Pennsylvania,1,71,0,6.0,0,Swimsuit Model,0.0,0.0,0.0,0.0,0.0,0.0
72,Rob Cesternino,1.64,12.93,0.13,0,10,4,73,11,0.9,3.18,7,1.03,4.82,38,1,3.0,0.0,8,1,11.0,1.0,6,5.0,1.0,6,3.0,11.0,4.0,0.363636364,0,24,New York,0,72,0,6.0,1,Computer Projects Coordinator,0.0,0.0,0.0,0.0,0.0,0.0
73,Deena Bennett,2.05,6.93,0.3,1,5,6,48,6,0.81,2.33,7,1.11,4.39,27,1,2.0,0.0,3,1,5.0,1.0,6,5.0,3.0,6,3.0,11.0,6.0,0.545454546,0,35,California,0,73,0,6.0,0,Deputy District Attorney,0.0,0.0,0.0,0.0,0.0,0.0
74,Heidi Strobel,0.95,10.93,0.09,0,7,3,66,9,0.77,3.11,7,0.86,4.06,36,2,3.0,0.0,6,0,9.0,0.0,6,5.0,3.0,6,3.0,11.0,6.0,0.545454546,0,24,Missouri,0,74,0,6.0,0,Gym Teacher,0.0,0.0,0.0,0.0,0.0,0.0
75,Alex Bell,1.98,7.93,0.25,0,5,6,55,7,0.7,2.0,7,0.95,3.98,30,2,2.0,1.0,4,0,6.0,1.0,6,5.0,2.0,6,3.0,11.0,5.0,0.454545455,0,32,California,0,75,0,6.0,1,Triathlon Coach,0.0,0.0,0.0,0.0,0.0,0.0
76,Dave Johnson,2.21,4.93,0.45,0,2,8,40,5,0.36,0.93,7,0.81,3.14,24,3,1.0,1.0,2,0,3.0,1.0,6,5.0,3.0,6,3.0,11.0,6.0,0.545454546,0,23,California,0,76,0,6.0,1,Rocket Scientist,0.0,0.0,0.0,0.0,0.0,0.0
77,Butch Lockley,0.88,11.93,0.07,0,7,5,70,10,0.69,2.18,7,0.77,3.05,37,3,3.0,0.0,7,0,10.0,0.0,6,5.0,2.0,6,3.0,11.0,5.0,0.454545455,0,50,Illinois,0,77,0,6.0,1,Principal,0.0,0.0,0.0,0.0,0.0,0.0
78,Roger Sexton,0.88,2.6,0.34,0,3,11,31,4,0.66,1.4,7,1.0,2.28,21,1,0.0,0.0,1,0,1.0,0.0,6,4.0,2.0,6,3.0,10.0,5.0,0.5,0,56,California,0,78,0,6.0,1,Construction Company V.P.,0.0,0.0,0.0,0.0,0.0,0.0
79,Christy Smith,0.81,8.93,0.09,1,4,9,61,8,0.48,1.08,7,0.57,1.89,33,4,2.0,0.0,5,0,7.0,0.0,6,5.0,3.0,6,3.0,11.0,6.0,0.545454546,0,24,Colorado,0,79,0,6.0,0,Children's Adventure Guide,0.0,0.0,0.0,0.0,0.0,0.0
80,Shawna Mitchell,0.72,1.6,0.45,2,1,6,21,3,0.24,0.93,7,0.69,1.65,18,2,0.0,0.0,0,0,0.0,0.0,6,4.0,2.0,6,3.0,10.0,5.0,0.5,0,23,California,0,80,0,6.0,0,Retail Saleswoman,0.0,0.0,0.0,0.0,0.0,0.0
81,Jeanne Hebert,0.55,1.2,0.46,0,1,5,21,3,0.25,1.04,7,0.72,1.59,15,2,0.0,0.0,0,0,0.0,0.0,6,3.0,2.0,5,2.0,8.0,4.0,0.5,0,40,Massachusetts,0,81,0,6.0,0,Marketing Director,0.0,0.0,0.0,0.0,0.0,0.0
82,JoAnna Ward,0.55,1.03,0.54,0,0,4,15,2,-0.13,0.0,7,0.4,0.55,12,2,0.0,0.0,0,0,0.0,0.0,6,3.0,2.0,4,2.0,7.0,4.0,0.571428571,0,31,South Carolina,0,82,0,6.0,0,Guidance Counselor,0.0,0.0,0.0,0.0,0.0,0.0
83,Janet Koth,0.27,0.41,0.65,0,0,5,8,1,-0.63,0.0,7,0.03,0.27,6,1,0.0,0.0,0,0,0.0,0.0,6,1.0,1.0,2,1.0,3.0,2.0,0.666666667,0,46,Missouri,0,83,0,6.0,0,Homemaker,0.0,0.0,0.0,0.0,0.0,0.0
84,Daniel Lue,0.14,0.7,0.21,0,0,7,15,2,-0.23,0.0,7,-0.03,0.14,9,2,0.0,0.0,0,0,0.0,0.0,6,2.0,0.0,3,1.0,5.0,1.0,0.2,0,26,Texas,0,84,0,6.0,1,Tax Accountant,0.0,0.0,0.0,0.0,0.0,0.0
85,Ryan Aiken,0.0,0.13,0.0,0,0,4,8,1,-0.5,0.0,7,-0.5,0.0,3,1,0.0,0.0,0,0,0.0,0.0,6,0.0,0.0,1,0.0,1.0,0.0,0.0,0,23,Maryland,0,85,0,6.0,1,Model,0.0,0.0,0.0,0.0,0.0,0.0
86,Sandra Diaz-Twine,1.0,13.89,0.07,2,10,0,77,12,0.83,5.83,7,0.9,6.82,39,2,3.0,0.0,8,0,11.0,0.0,7,7.0,3.0,7,3.0,14.0,6.0,0.428571429,0,29,Washington,1,86,0,7.0,0,Office Assistant,0.0,0.0,0.0,0.0,0.0,0.0
87,Burton Roberts,4.64,11.34,0.41,2,5,10,52,7,0.69,1.43,7,1.1,6.07,30,2,3.0,1.0,6,2,9.0,3.0,7,5.0,4.0,6,4.0,11.0,8.0,0.727272727,0,31,California,0,87,0,7.0,1,Marketing Executive,0.0,0.0,0.0,0.0,0.0,0.0
88,Darrah Johnson,4.1,12.94,0.32,0,7,6,70,10,0.69,1.96,7,1.01,6.06,37,3,3.0,0.0,7,3,10.0,3.0,7,7.0,2.0,7,3.0,14.0,5.0,0.35714285700000004,0,22,Mississippi,0,88,0,7.0,0,Mortician,0.0,0.0,0.0,0.0,0.0,0.0
89,Rupert Boneham,3.51,6.75,0.52,1,5,7,45,6,0.81,2.12,7,1.33,5.63,27,1,1.0,1.0,3,1,4.0,2.0,7,6.0,5.0,8,4.0,14.0,9.0,0.642857143,0,39,Indiana,0,89,0,7.0,1,Troubled Teens Mentor,0.0,0.0,0.0,0.0,0.0,0.0
90,Lillian Morris,2.0,12.74,0.16,0,9,10,73,11,0.81,1.64,7,0.9700000000000001,3.6500000000000004,30,2,3.0,0.0,8,1,11.0,1.0,7,4.0,2.0,4,1.0,8.0,3.0,0.375,0,51,Ohio,0,90,0,7.0,0,Scout Troop Leader,0.0,0.0,0.0,0.0,0.0,0.0
91,Trish Dunn,1.14,2.02,0.57,2,2,4,20,3,0.6,2.33,7,1.17,3.48,19,1,0.0,0.0,0,0,0.0,0.0,7,5.0,4.0,7,3.0,12.0,7.0,0.583333333,0,42,Maryland,0,91,0,7.0,0,Sales Executive,0.0,0.0,0.0,0.0,0.0,0.0
92,Shawn Cohen,0.94,2.05,0.46,1,3,5,25,4,0.7,2.33,7,1.16,3.28,19,1,0.0,0.0,0,0,0.0,0.0,7,5.0,3.0,7,3.0,12.0,6.0,0.5,0,28,New York,0,92,0,7.0,1,Advertising Sales,0.0,0.0,0.0,0.0,0.0,0.0
93,Tijuana Bradley,0.97,8.81,0.11,0,5,5,55,7,0.7,2.22,7,0.81,3.19,30,2,2.0,0.0,4,0,6.0,0.0,7,6.0,1.0,8,4.0,14.0,5.0,0.35714285700000004,0,26,Missouri,0,93,0,7.0,0,Pharmaceutical Sales,0.0,0.0,0.0,0.0,0.0,0.0
94,Christa Hastie,1.0,10.09,0.1,2,7,7,65,9,0.77,1.98,7,0.87,2.98,33,2,2.0,0.0,5,0,7.0,0.0,7,7.0,3.0,8,3.0,15.0,6.0,0.4,0,24,California,0,94,0,7.0,0,Computer Programmer,0.0,0.0,0.0,0.0,0.0,0.0
95,Andrew Savage,0.77,3.11,0.25,0,3,6,31,4,0.7,2.1,7,0.95,2.87,21,1,0.0,0.0,1,0,1.0,0.0,7,5.0,1.0,7,3.0,12.0,4.0,0.333333333,0,39,Illinois,0,95,0,7.0,1,Attorney,0.0,0.0,0.0,0.0,0.0,0.0
96,Ryan Opray,0.97,5.31,0.18,0,3,8,40,5,0.56,1.4,7,0.74,2.37,24,2,1.0,0.0,2,0,3.0,0.0,7,5.0,1.0,8,4.0,13.0,5.0,0.384615385,0,30,California,0,96,0,7.0,1,Electrician,0.0,0.0,0.0,0.0,0.0,0.0
97,Ryan Shoulders,0.17,0.58,0.29,0,1,6,15,2,0.3,1.4,7,0.59,1.57,7,1,0.0,0.0,0,0,0.0,0.0,7,1.0,0.0,3,1.0,4.0,1.0,0.25,0,23,Tennessee,0,97,0,7.0,1,Produce Clerk,0.0,0.0,0.0,0.0,0.0,0.0
98,Michelle Tesauro,0.74,1.62,0.46,2,0,6,14,2,-0.21,0.0,7,0.24,0.74,16,2,0.0,0.0,0,0,0.0,0.0,7,4.0,1.0,6,4.0,10.0,5.0,0.5,0,22,New Jersey,0,98,0,7.0,0,Student,0.0,0.0,0.0,0.0,0.0,0.0
99,Nicole Delma,0.17,0.29,0.57,0,0,7,8,1,-0.88,0.0,7,-0.3,0.17,4,1,0.0,0.0,0,0,0.0,0.0,7,0.0,0.0,2,1.0,2.0,1.0,0.5,0,24,California,0,99,0,7.0,0,Massage Therapist,0.0,0.0,0.0,0.0,0.0,0.0
100,Chris Daugherty,4.82,15.24,0.32,1,10,3,82,12,0.83,3.33,7,1.1500000000000001,7.640000000000001,39,4,2.0,0.0,9,3,13.0,3.0,9,9.0,5.0,6,3.0,15.0,8.0,0.5329999999999999,0,33,Ohio,1,100,0,9.0,1,Highway Construction Worker,0.0,0.0,0.0,0.0,0.0,0.0
101,Twila Tanner,2.34,14.24,0.16,0,11,6,75,11,0.99,2.8,7,1.15,5.65,39,4,0.0,0.0,8,1,12.0,1.0,9,12.0,5.0,6,4.0,18.0,9.0,0.5,0,41,Missouri,0,101,0,9.0,0,Highway Repair Worker,0.0,0.0,0.0,0.0,0.0,0.0
102,Eliza Orlins,4.17,13.24,0.32,0,8,9,78,11,0.72,1.57,7,1.03,5.73,37,4,3.0,2.0,7,1,11.0,3.0,9,10.0,4.0,6,3.0,16.0,7.0,0.43799999999999994,0,21,New York,0,102,0,9.0,0,"Pre-Law Student;
Law School Student",0.0,0.0,0.0,0.0,0.0,0.0
103,Julie Berry,2.34,12.24,0.19,0,4,4,68,9,0.44,1.56,7,0.63,4.16,36,4,5.0,1.0,6,0,10.0,1.0,9,10.0,5.0,6,4.0,16.0,9.0,0.563,0,23,Maine,0,103,0,9.0,0,Youth Mentor,0.0,0.0,0.0,0.0,0.0,0.0
104,Ami Cusack,3.67,10.24,0.36,0,7,8,70,9,0.77,1.81,7,1.12,5.71,33,3,2.0,0.0,5,2,8.0,2.0,9,9.0,4.0,6,3.0,15.0,7.0,0.467,0,31,Colorado,0,104,0,9.0,0,"Coffee Barista;
Nanny",0.0,0.0,0.0,0.0,0.0,0.0
105,Leann Slaby,1.92,8.24,0.23,0,7,8,64,8,0.86,2.04,7,1.09,3.38,30,2,1.0,1.0,4,0,6.0,1.0,9,8.0,3.0,6,3.0,14.0,6.0,0.429,0,35,Wisconsin,0,105,0,9.0,0,Equity Research Assistant,0.0,0.0,0.0,0.0,0.0,0.0
106,Rory Freeman,0.65,3.99,0.16,0,5,14,47,6,0.78,1.3,7,0.95,1.43,21,0,1.0,0.0,2,0,2.0,0.0,9,7.0,2.0,6,2.0,13.0,4.0,0.308,0,35,Iowa,0,106,0,9.0,1,Housing Case Manager,0.0,0.0,0.0,0.0,0.0,0.0
107,John Kenney,1.87,2.79,0.67,0,1,5,30,4,0.21,0.78,7,0.88,3.62,18,0,3.0,0.0,1,1,1.0,1.0,9,6.0,3.0,6,3.0,12.0,6.0,0.5,0,22,California,0,107,0,9.0,1,Mechanical Bull Operator,0.0,0.0,0.0,0.0,0.0,0.0
108,Lisa Keiffer,0.52,1.39,0.38,0,2,4,30,4,0.47,1.75,7,0.84,2.62,15,0,2.0,0.0,0,0,0.0,0.0,9,5.0,2.0,5,2.0,10.0,4.0,0.4,0,44,Louisiana,0,108,0,9.0,0,Real Estate Agent,0.0,0.0,0.0,0.0,0.0,0.0
109,Brady Finta,0.25,1.77,0.14,0,0,6,24,3,-0.08,0.0,7,0.06,0.25,10,0,3.0,0.0,1,0,1.0,0.0,9,3.0,1.0,3,1.0,6.0,2.0,0.33299999999999996,0,33,California,0,109,0,9.0,1,FBI Agent,0.0,0.0,0.0,0.0,0.0,0.0
110,Mia Galeotalanza,0.24,0.49,0.49,0,0,5,17,2,-0.15,0.0,7,0.34,0.24,7,0,2.0,0.0,0,0,0.0,0.0,9,2.0,1.0,2,1.0,4.0,2.0,0.5,0,29,New Jersey,0,110,0,9.0,0,Bookkeeper,0.0,0.0,0.0,0.0,0.0,0.0
111,John Palyok,0.25,1.49,0.17,0,0,5,17,2,-0.15,0.0,7,0.02,0.25,7,0,2.0,0.0,1,0,1.0,0.0,9,2.0,1.0,2,1.0,4.0,2.0,0.5,0,31,California,0,111,0,9.0,1,Sales Manager,0.0,0.0,0.0,0.0,0.0,0.0
112,Dolly Neely,0.24,0.36,0.65,1,0,5,9,1,-0.56,0.0,7,0.1,0.24,6,0,1.0,0.0,0,0,0.0,0.0,9,1.0,1.0,2,1.0,3.0,2.0,0.667,0,25,Pennsylvania,0,112,0,9.0,0,Sheep Farmer,0.0,0.0,0.0,0.0,0.0,0.0
113,Brook Geraghty,0.0,0.11,0.0,0,0,5,9,1,-0.56,0.0,7,-0.56,0.0,3,0,1.0,0.0,0,0,0.0,0.0,9,0.0,0.0,1,0.0,1.0,0.0,0.0,0,27,Massachusetts,0,113,0,9.0,1,Document Manager,0.0,0.0,0.0,0.0,0.0,0.0
114,Wanda Shirk,0.0,1.0,0.0,0,0,0,0,0,0.0,0.0,7,0.0,0.0,2,0,0.0,0.0,0,0,0.0,0.0,10,0.0,0.0,0,0.0,0.0,0.0,0.0,0,55,Pennsylvania,0,114,0,10.0,0,English Teacher,0.0,0.0,0.0,0.0,0.0,0.0
115,Jonathan Libby,0.0,1.0,0.0,0,0,0,0,0,0.0,0.0,7,0.0,0.0,2,0,0.0,0.0,0,0,0.0,0.0,10,0.0,0.0,0,0.0,0.0,0.0,0.0,0,23,Texas,0,115,0,10.0,1,Sales & Marketing Associate,0.0,0.0,0.0,0.0,0.0,0.0
116,Tom Westman,6.61,13.6,0.49,4,6,0,43,7,0.86,6.0,7,1.3400000000000003,12.59,39,1,2.0,0.0,7,5,9.0,5.0,10,8.0,4.0,7,4.0,15.0,8.0,0.533333333,0,40,New York,1,116,0,10.0,1,"NYC Firefighter;
Motivational Speaker",0.0,0.0,0.0,0.0,0.0,0.0
117,Ian Rosenberger,5.44,13.6,0.4,5,6,4,43,7,0.84,3.0,7,1.25,8.44,38,1,2.0,1.0,7,2,9.0,3.0,10,8.0,3.0,7,4.0,15.0,7.0,0.46666666700000003,0,23,Florida,0,117,0,10.0,1,Dolphin Trainer,0.0,0.0,0.0,0.0,0.0,0.0
118,Katie Gallagher,0.95,13.6,0.07,7,7,1,43,7,1.0,5.6,7,1.0699999999999998,6.57,39,0,2.0,0.0,7,0,9.0,0.0,10,8.0,2.0,7,3.0,15.0,5.0,0.333333333,0,29,California,0,118,0,10.0,0,Advertising Executive,0.0,0.0,0.0,0.0,0.0,0.0
119,Gregg Carey,2.94,9.6,0.31,3,3,4,31,4,0.72,2.63,7,1.03,5.57,33,1,1.0,1.0,4,0,5.0,1.0,10,8.0,4.0,7,5.0,15.0,9.0,0.6,0,27,Illinois,0,119,0,10.0,1,Business Consultant,0.0,0.0,0.0,0.0,0.0,0.0
120,Jenn Lyon,1.3,12.6,0.1,5,4,2,40,6,0.66,3.11,7,0.77,4.41,37,2,2.0,0.0,6,0,8.0,0.0,10,8.0,2.0,7,5.0,15.0,7.0,0.46666666700000003,0,32,California,0,120,0,10.0,0,Nanny,0.0,0.0,0.0,0.0,0.0,0.0
121,Caryn Groedel,1.24,11.6,0.11,6,4,7,36,5,0.76,2.04,7,0.87,3.28,36,1,2.0,0.0,5,0,7.0,0.0,10,8.0,3.0,7,4.0,15.0,7.0,0.46666666700000003,0,46,Ohio,0,121,0,10.0,0,Civil Rights Lawyer,0.0,0.0,0.0,0.0,0.0,0.0
122,Stephenie LaGrossa,1.52,8.6,0.18,0,6,8,58,9,0.65,1.56,7,0.83,3.07,30,3,0.0,0.0,3,0,3.0,0.0,10,8.0,3.0,7,1.0,15.0,4.0,0.26666666699999997,0,24,Pennsylvania,0,122,0,10.0,0,Pharmaceutical Sales Respresentative,0.0,0.0,0.0,0.0,0.0,0.0
123,Coby Archa,1.69,5.35,0.32,3,1,7,18,2,0.31,1.27,7,0.63,2.96,24,1,0.0,0.0,1,0,1.0,0.0,10,7.0,2.0,7,6.0,14.0,8.0,0.571428571,0,32,Texas,0,123,0,10.0,1,Hairstylist,0.0,0.0,0.0,0.0,0.0,0.0
124,James Miller,0.52,2.68,0.19,0,4,5,39,6,0.65,2.07,7,0.84,2.59,15,2,0.0,0.0,0,0,0.0,0.0,10,5.0,3.0,5,0.0,10.0,3.0,0.3,0,33,Alabama,0,124,0,10.0,1,Steelworker,0.0,0.0,0.0,0.0,0.0,0.0
125,Angie Jakusz,0.27,2.18,0.12,0,4,6,35,5,0.77,2.24,7,0.89,2.51,12,1,0.0,0.0,0,0,0.0,0.0,10,4.0,2.0,4,0.0,8.0,2.0,0.25,0,24,Louisiana,0,125,0,10.0,0,Bartender,0.0,0.0,0.0,0.0,0.0,0.0
126,Jeff Wilson,0.27,1.65,0.16,0,2,5,24,3,0.6,2.07,7,0.76,2.34,8,1,0.0,0.0,0,0,0.0,0.0,10,2.0,2.0,3,0.0,5.0,2.0,0.4,0,21,California,0,126,0,10.0,1,Personal Trainer,0.0,0.0,0.0,0.0,0.0,0.0
127,Ibrehem Rahman,0.52,3.35,0.15,0,3,4,42,7,0.41,1.5,7,0.57,2.02,18,4,0.0,0.0,0,0,0.0,0.0,10,6.0,3.0,6,0.0,12.0,3.0,0.25,0,27,Alabama,0,127,0,10.0,1,Waiter,0.0,0.0,0.0,0.0,0.0,0.0
128,Ashlee Ashby,0.13,1.36,0.09,0,1,6,17,2,0.32,1.4,7,0.42,1.53,6,1,0.0,0.0,0,0,0.0,0.0,10,1.0,1.0,2,0.0,3.0,1.0,0.333333333,0,22,South Carolina,0,128,0,10.0,0,Student,0.0,0.0,0.0,0.0,0.0,0.0
129,Jolanda Jones,1.0,1.11,0.9,0,0,6,9,1,-0.67,0.0,7,0.23,1.0,3,1,0.0,0.0,0,0,0.0,0.0,10,0.0,0.0,1,0.0,1.0,0.0,0.0,0,38,Texas,0,129,0,10.0,0,Lawyer,0.0,0.0,0.0,0.0,0.0,0.0
130,Willard Smith,0.49,2.18,0.22,3,0,8,9,1,-0.89,0.0,7,-0.64,0.49,12,1,0.0,0.0,0,0,0.0,0.0,10,4.0,1.0,4,3.0,8.0,4.0,0.5,0,56,Washington,0,130,0,10.0,1,Lawyer,0.0,0.0,0.0,0.0,0.0,0.0
131,Yul Kwon,2.42,10.57,0.23,0,9,5,62,9,0.99,3.11,9,1.22,5.499999999999999,39,0,2.0,0.0,6,0,8.0,0.0,13,6.0,5.0,8,6.0,14.0,11.0,0.7857142859999999,1,31,California,1,131,0,13.0,1,Management Consultant,1.0,1.0,0.0,0.0,0.0,0.0
132,Sundra Oakley,1.58,10.57,0.15,1,8,6,67,10,0.79,2.24,9,0.94,3.82,38,2,2.0,0.0,6,0,8.0,0.0,13,6.0,4.0,8,4.0,14.0,8.0,0.589285714,0,31,California,0,132,0,13.0,0,Actress,0.0,0.0,0.0,0.0,0.0,0.0
133,Adam Gentry,1.45,9.57,0.15,3,7,5,79,11,0.63,1.98,9,0.78,3.43,37,4,2.0,0.0,5,1,7.0,1.0,13,6.0,1.0,8,2.0,14.0,3.0,0.23214285699999998,5,28,California,0,133,0,13.0,1,Copier Sales,0.0,0.0,0.0,0.0,0.0,0.0
134,Parvati Shallow,2.2,8.57,0.26,2,7,4,74,10,0.69,2.45,9,0.95,4.65,36,3,2.0,1.0,4,0,6.0,1.0,13,6.0,1.0,8,3.0,14.0,4.0,0.303571429,0,23,California,0,134,0,13.0,0,"Boxer;
Charity Organizer",0.0,0.0,0.0,0.0,0.0,0.0
135,Jonathan Penner,1.02,6.57,0.15,2,8,15,68,9,0.86,1.31,9,1.02,2.33,33,1,1.0,0.0,3,0,4.0,0.0,13,6.0,3.0,8,3.0,14.0,6.0,0.446428571,5,44,California,0,135,0,13.0,1,Writer,0.0,0.0,0.0,0.0,0.0,0.0
136,Candice Woodcock,1.02,4.57,0.22,2,5,6,53,7,0.7,2.0,9,0.92,3.02,30,2,0.0,0.0,2,0,2.0,0.0,13,6.0,3.0,8,3.0,14.0,6.0,0.446428571,5,23,North Carolina,0,136,0,13.0,0,"Pre-Med Student;
Physician/Anesthesiology Resident",0.0,0.0,0.0,0.0,0.0,0.0
137,Jenny Guzon-Bae,0.6,2.57,0.23,3,5,6,44,6,0.81,2.33,9,1.05,2.94,24,1,0.0,0.0,0,0,0.0,0.0,13,6.0,1.0,8,4.0,14.0,5.0,0.35714285700000004,0,36,Illinois,0,137,0,13.0,0,Real Estate Agent,0.0,0.0,0.0,0.0,0.0,0.0
138,Rebecca Borman,0.47,2.57,0.18,2,5,6,43,6,0.81,2.33,9,0.99,2.8,24,1,0.0,0.0,0,0,0.0,0.0,13,6.0,1.0,8,2.0,14.0,3.0,0.23214285699999998,0,34,New York,0,138,0,13.0,0,Make-Up Artist,0.0,0.0,0.0,0.0,0.0,0.0
139,Brad Virata,0.85,2.07,0.41,1,2,7,31,4,0.44,1.27,9,0.86,2.13,21,2,0.0,0.0,0,0,0.0,0.0,13,5.0,1.0,7,4.0,12.0,5.0,0.41666666700000005,0,29,California,0,139,0,13.0,1,Fashion Director,0.0,0.0,0.0,0.0,0.0,0.0
140,Cristina Coria,0.34,1.2,0.28,1,3,5,28,4,0.71,2.33,9,0.98,2.67,15,1,0.0,0.0,0,0,0.0,0.0,13,3.0,1.0,5,1.0,8.0,2.0,0.3125,0,35,California,0,140,0,13.0,0,Police Officer,0.0,0.0,0.0,0.0,0.0,0.0
141,Stephannie Favor,0.3,1.06,0.28,1,2,9,22,3,0.53,1.44,9,0.81,1.73,14,1,0.0,0.0,0,0,0.0,0.0,13,2.0,1.0,5,1.0,7.0,2.0,0.321428571,0,35,South Carolina,0,141,0,13.0,0,Nursing Student,0.0,0.0,0.0,0.0,0.0,0.0
142,Cecilia Mansilla,0.1,0.56,0.18,0,1,5,13,2,0.31,1.56,9,0.49,1.66,8,1,0.0,0.0,0,0,0.0,0.0,13,0.0,0.0,3,0.0,3.0,0.0,0.166666667,0,29,California,0,142,0,13.0,0,Risk Consultant,0.0,0.0,0.0,0.0,0.0,0.0
143,Sekou Bunch,0.0,0.2,0.0,0,0,3,5,1,-0.6,0.0,9,-0.6,0.0,3,1,0.0,0.0,0,0,0.0,0.0,13,0.0,0.0,1,0.0,1.0,0.0,0.0,0,45,California,0,143,0,13.0,1,Jazz Musician,0.0,0.0,0.0,0.0,0.0,0.0
144,Earl Cole,1.18,10.73,0.11,0,8,1,59,9,0.89,4.98,9,1.0,6.16,39,1,2.0,0.0,6,0,8.0,0.0,14,7.0,2.0,9,4.0,16.0,6.0,0.375,4,35,California,1,144,0,14.0,1,Ad Executive,1.0,1.0,1.0,0.0,0.0,0.0
145,Cassandra Franklin,2.62,10.71,0.24,2,5,5,43,7,0.7,2.22,9,0.94,4.84,39,2,2.0,1.0,6,0,8.0,1.0,14,7.0,3.0,9,8.0,16.0,11.0,0.6875,0,42,California,0,145,0,14.0,0,College Administrator,0.0,0.0,0.0,0.0,0.0,0.0
146,Yau-Man Chan,4.57,11.73,0.39,1,8,5,67,10,0.79,2.49,9,1.18,7.06,38,2,3.0,1.0,6,2,9.0,3.0,14,7.0,1.0,9,4.0,16.0,5.0,0.3125,2,54,California,0,146,0,14.0,1,Computer Engineer,0.0,0.0,0.0,0.0,0.0,0.0
147,Stacy Kimball,3.35,9.71,0.34,0,4,4,39,6,0.65,2.33,9,0.99,5.68,36,2,3.0,0.0,4,1,7.0,1.0,14,7.0,6.0,9,8.0,16.0,14.0,0.875,0,27,Colorado,0,147,0,14.0,0,Web Producer,0.0,0.0,0.0,0.0,0.0,0.0
148,Alex Angarita,1.45,7.38,0.2,0,6,9,54,8,0.73,1.62,9,0.93,3.06,33,2,2.0,0.0,3,0,5.0,0.0,14,6.0,5.0,9,5.0,15.0,10.0,0.666666667,0,28,California,0,148,0,14.0,1,Attorney,0.0,1.0,1.0,0.0,0.0,0.0
149,Mookie Lee,0.17,5.39,0.03,0,5,6,71,10,0.49,1.4,9,0.52,1.57,30,5,1.0,0.0,2,0,3.0,0.0,14,6.0,1.0,9,0.0,15.0,1.0,0.066666667,2,25,Illinois,0,149,0,14.0,1,Business Consultant,1.0,1.0,0.0,0.0,0.0,0.0
150,Edgardo Rivera,1.4,4.13,0.34,0,4,5,34,5,0.77,2.49,9,1.11,3.89,27,1,1.0,0.0,1,0,2.0,0.0,14,5.0,4.0,9,6.0,14.0,10.0,0.7142857140000001,0,28,Florida,0,150,0,14.0,1,Ad Executive,0.0,0.0,0.0,0.0,0.0,0.0
151,Michelle Yi,0.73,2.14,0.34,0,3,3,37,5,0.58,2.4,9,0.93,3.13,24,2,0.0,0.0,0,0,0.0,0.0,14,5.0,1.0,9,3.0,14.0,4.0,0.28571428600000004,0,23,Ohio,0,151,0,14.0,0,Student,0.0,0.0,0.0,0.0,0.0,0.0
152,Anthony Robinson,0.0,1.21,0.0,0,3,10,38,5,0.55,1.2,9,0.55,1.2,16,2,0.0,0.0,0,0,0.0,0.0,14,3.0,0.0,6,0.0,9.0,0.0,0.0,0,32,California,0,152,0,14.0,1,Expert Witness Locator,0.0,0.0,0.0,0.0,0.0,0.0
153,Rita Verreos,0.0,1.04,0.0,0,2,6,32,4,0.45,1.4,9,0.45,1.4,14,2,0.0,0.0,0,0,0.0,0.0,14,3.0,0.0,5,0.0,8.0,0.0,0.0,0,38,Texas,0,153,0,14.0,0,Single Mom,0.0,0.0,0.0,0.0,0.0,0.0
154,Liliana Gomez,0.74,0.74,1.0,0,0,6,8,1,-0.75,0.0,9,0.25,0.74,11,1,0.0,0.0,0,0,0.0,0.0,14,2.0,2.0,4,4.0,6.0,6.0,1.0,0,25,California,0,154,0,14.0,0,Loan Officer,0.0,0.0,0.0,0.0,0.0,0.0
155,Gary Stritesky,0.46,0.74,0.62,1,0,0,0,0,-1.0,0.0,9,-0.38,0.46,10,1,0.0,0.0,0,0,0.0,0.0,14,2.0,1.0,3,3.0,5.0,4.0,0.8,0,55,Minnesota,0,155,0,14.0,1,School Bus Driver,0.0,0.0,0.0,0.0,0.0,0.0
156,Sylvia Kwan,0.0,0.47,0.0,0,1,6,16,2,0.31,1.4,9,0.31,1.4,8,1,0.0,0.0,0,0,0.0,0.0,14,1.0,0.0,2,0.0,3.0,0.0,0.0,4,52,California,0,156,0,14.0,0,Architect,0.0,0.0,0.0,0.0,0.0,0.0
157,Erica Durousseau,0.0,0.22,0.0,0,0,6,17,2,-0.18,0.0,9,-0.18,0.0,6,2,0.0,0.0,0,0,0.0,0.0,14,0.0,0.0,2,0.0,2.0,0.0,0.0,0,27,Louisiana,0,157,0,14.0,0,Non-Profit Fundraiser,0.0,0.0,0.0,0.0,0.0,0.0
158,Todd Herzog,1.33,13.3,0.1,3,9,5,64,9,0.99,3.11,7,1.0899999999999999,4.44,39,0,4.0,0.0,7,0,11.0,0.0,15,6.0,3.0,6,4.0,12.0,7.0,0.583,0,22,Utah,1,159,0,15.0,1,Flight Attendant,1.0,1.0,0.0,0.0,0.0,0.0
159,Courtney Yates,1.68,13.3,0.13,5,7,0,64,9,0.78,5.44,7,0.8999999999999999,7.1,39,2,4.0,0.0,7,1,11.0,1.0,15,6.0,2.0,6,2.0,12.0,4.0,0.33299999999999996,0,26,New York,0,160,0,15.0,0,Waitress,0.0,0.0,0.0,0.0,0.0,0.0
160,Amanda Kimmel,4.27,13.3,0.32,2,9,0,64,9,1.0,7.0,7,1.3199999999999998,11.290000000000001,39,0,4.0,1.0,7,2,11.0,3.0,15,6.0,4.0,6,3.0,12.0,7.0,0.583,0,22,Montana,0,161,0,15.0,0,"Hiking Guide;
Aspiring Designer",0.0,0.0,0.0,0.0,0.0,0.0
161,Denise Martin,2.97,13.3,0.22,3,7,3,64,9,0.77,3.11,7,1.0,6.08,39,2,4.0,2.0,7,0,11.0,2.0,15,6.0,2.0,6,4.0,12.0,6.0,0.5,0,40,Massachusetts,0,162,0,15.0,0,School Lunch Lady,0.0,0.0,0.0,0.0,0.0,0.0
162,Peih-Gee Law,3.58,11.3,0.32,0,5,8,71,10,0.49,1.17,7,0.81,4.75,36,5,3.0,1.0,6,2,9.0,3.0,15,6.0,1.0,6,2.0,12.0,3.0,0.25,0,29,California,0,163,0,15.0,0,Jeweler,0.0,0.0,0.0,0.0,0.0,0.0
163,Erik Huffman,1.83,9.3,0.2,0,6,5,66,9,0.66,2.07,7,0.86,3.91,33,3,2.0,0.0,5,1,7.0,1.0,15,6.0,2.0,6,2.0,12.0,4.0,0.33299999999999996,0,26,Tennessee,0,164,0,15.0,1,Musician,0.0,0.0,0.0,0.0,0.0,0.0
164,James Clement,1.27,7.3,0.17,0,4,9,47,6,0.63,1.44,7,0.81,2.7,30,2,1.0,0.0,4,0,5.0,0.0,15,6.0,3.0,6,4.0,12.0,7.0,0.583,0,30,Louisiana,0,165,0,15.0,1,Gravedigger,1.0,2.0,0.0,0.0,0.0,0.0
165,Jean-Robert Bellande,1.3,4.05,0.32,2,3,12,34,4,0.66,1.31,7,0.98,2.61,24,1,0.0,0.0,2,0,2.0,0.0,15,5.0,4.0,6,3.0,11.0,7.0,0.636,0,36,Nevada,0,166,0,15.0,1,Poker Player,0.0,0.0,0.0,0.0,0.0,0.0
166,Jaime Dugan,0.58,2.8,0.21,1,4,7,36,5,0.76,2.04,7,0.97,2.62,21,1,0.0,0.0,1,0,1.0,0.0,15,4.0,1.0,6,2.0,10.0,3.0,0.3,0,22,South Carolina,0,167,0,15.0,0,Student,0.0,0.0,0.0,0.0,0.0,0.0
167,Sherea Lloyd,0.78,1.8,0.43,1,3,6,28,4,0.7,2.1,7,1.13,2.88,18,1,0.0,0.0,0,0,0.0,0.0,15,4.0,2.0,6,2.0,10.0,4.0,0.4,0,26,Georgia,0,168,0,15.0,0,Elementary Teacher,0.0,0.0,0.0,0.0,0.0,0.0
168,Aaron Reisberger,0.77,1.3,0.59,0,1,3,13,2,0.38,2.0,7,0.97,2.77,15,1,0.0,0.0,0,0,0.0,0.0,15,3.0,2.0,5,3.0,8.0,5.0,0.625,0,32,California,0,169,0,15.0,1,Surfing Instructor,0.0,0.0,0.0,0.0,0.0,0.0
169,Dave Cruser,0.33,1.1,0.3,0,1,6,21,3,0.24,0.93,7,0.54,1.27,12,2,0.0,0.0,0,0,0.0,0.0,15,3.0,1.0,4,1.0,7.0,2.0,0.28600000000000003,0,37,California,0,170,0,15.0,1,Former Model,0.0,0.0,0.0,0.0,0.0,0.0
170,Leslie Nease,0.27,0.77,0.35,2,0,6,8,1,-0.75,0.0,7,-0.4,0.27,9,1,0.0,0.0,0,0,0.0,0.0,15,2.0,1.0,3,1.0,5.0,2.0,0.4,0,38,South Carolina,0,171,0,15.0,0,Christian Radio Host,0.0,0.0,0.0,0.0,0.0,0.0
171,Ashley Massaro,0.0,0.43,0.0,0,0,8,15,2,-0.27,0.0,7,-0.27,0.0,6,2,0.0,0.0,0,0,0.0,0.0,15,1.0,0.0,2,0.0,3.0,0.0,0.0,0,28,New York,0,172,0,15.0,0,Professional Wrestler,0.0,0.0,0.0,0.0,0.0,0.0
172,Susie Smith,3.1,11.96,0.26,1,9,7,68,10,0.89,2.29,7,1.1500000000000001,5.39,39,1,2.0,0.0,8,2,10.0,2.0,17,5.0,4.0,7,3.0,12.0,7.0,0.583333333,2,47,Iowa,0,173,0,17.0,0,Hairdresser,0.0,0.0,0.0,0.0,0.0,0.0
173,Matty Whitmore,0.76,11.96,0.06,0,10,5,81,12,0.83,2.59,7,0.89,3.35,38,2,2.0,0.0,8,0,10.0,0.0,17,5.0,2.0,7,2.0,12.0,4.0,0.333333333,0,29,California,0,174,0,17.0,1,Personal Trainer,0.0,1.0,1.0,2.0,0.0,0.0
174,Crystal Cox,0.31,9.96,0.03,0,10,11,77,11,0.9,1.7,7,0.93,2.01,36,1,2.0,0.0,6,0,8.0,0.0,17,5.0,1.0,7,1.0,12.0,2.0,0.166666667,0,29,North Carolina,0,175,0,17.0,0,Former Olympic Athlete,0.0,0.0,0.0,0.0,0.0,0.0
175,Corinne Kaplan,1.03,7.96,0.13,4,2,4,40,5,0.38,1.4,7,0.51,2.43,33,3,1.0,0.0,5,0,6.0,0.0,17,5.0,1.0,7,6.0,12.0,7.0,0.583333333,0,29,California,0,176,0,17.0,0,"Pharmaceutical Sales;
Clinical Consultant",0.0,0.0,0.0,0.0,0.0,0.0
176,Randy Bailey,1.72,5.96,0.29,0,2,5,41,5,0.38,1.24,7,0.66,2.97,30,3,0.0,0.0,4,0,4.0,0.0,17,5.0,5.0,7,5.0,12.0,10.0,0.833333333,0,49,Missouri,0,177,0,17.0,1,Wedding Videographer,1.0,1.0,0.0,0.0,0.0,0.0
177,Charlie Herschel,1.45,4.96,0.29,1,2,5,25,3,0.6,2.07,7,0.89,3.52,27,1,0.0,0.0,3,0,3.0,0.0,17,5.0,3.0,7,6.0,12.0,9.0,0.75,0,29,New York,0,178,0,17.0,1,Lawyer,0.0,0.0,0.0,0.0,0.0,0.0
178,Marcus Lehman,3.2,3.71,0.86,0,1,3,21,3,0.29,1.33,7,1.15,4.53,24,2,0.0,0.0,2,2,2.0,2.0,17,4.0,3.0,7,5.0,11.0,8.0,0.727272727,0,28,Georgia,0,179,0,17.0,1,Doctor,0.0,0.0,0.0,0.0,0.0,0.0
179,Dan Kay,1.27,3.51,0.36,0,2,4,24,3,0.61,2.33,7,0.97,3.6,21,1,0.0,0.0,2,0,2.0,0.0,17,4.0,4.0,6,4.0,10.0,8.0,0.8,1,32,Massachusetts,0,180,0,17.0,1,Lawyer,0.0,0.0,0.0,0.0,0.0,0.0
180,Ace Gordon,0.24,3.51,0.07,0,3,5,34,5,0.57,1.87,7,0.64,2.1,21,2,0.0,0.0,2,0,2.0,0.0,17,4.0,0.0,6,2.0,10.0,2.0,0.2,0,27,Florida,0,181,0,17.0,1,Jewelry Sales and Photographer,0.0,1.0,0.0,0.0,0.0,0.0
181,Kelly Czarnecki,0.24,2.31,0.1,1,2,8,29,4,0.43,1.17,7,0.53,1.4,18,2,0.0,0.0,1,0,1.0,0.0,17,3.0,0.0,6,2.0,9.0,2.0,0.222222222,0,22,Illinois,0,182,0,17.0,0,Retail Sales,0.0,0.0,0.0,0.0,0.0,0.0
182,Jacquie Berg,0.24,1.69,0.14,1,1,5,16,2,0.34,1.56,7,0.48,1.79,12,1,0.0,0.0,1,0,1.0,0.0,17,1.0,0.0,4,2.0,5.0,2.0,0.4,0,25,California,0,183,0,17.0,0,Medical Sales,0.0,0.0,0.0,0.0,0.0,0.0
183,Paloma Soto-Castillo,0.11,1.55,0.07,2,0,7,9,1,-0.78,0.0,7,-0.71,0.11,9,1,0.0,0.0,1,0,1.0,0.0,17,1.0,0.0,3,1.0,4.0,1.0,0.25,0,23,California,0,184,0,17.0,0,Student,0.0,0.0,0.0,0.0,0.0,0.0
184,Gillian Larson,0.0,1.24,0.0,0,1,8,17,2,0.26,1.17,7,0.26,1.17,6,1,0.0,0.0,1,0,1.0,0.0,17,0.0,0.0,2,0.0,2.0,0.0,0.0,0,61,California,0,185,0,17.0,0,Retired Nurse,0.0,0.0,0.0,0.0,0.0,0.0
185,Michelle Chase,0.0,1.11,0.0,0,0,8,9,1,-0.89,0.0,7,-0.89,0.0,3,1,0.0,0.0,1,0,1.0,0.0,17,0.0,0.0,1,0.0,1.0,0.0,0.0,0,24,California,0,186,0,17.0,0,Music Producer,0.0,0.0,0.0,0.0,0.0,0.0
186,Stephen Fishbach,2.6,12.37,0.21,2,11,1,68,11,1.0,5.6,7,1.21,8.2,39,0,2.0,1.0,8,1,10.0,2.0,18,6.0,2.0,6,2.0,12.0,4.0,0.333333333,6,29,New York,0,187,0,18.0,1,Corporate Consultant,0.0,1.0,0.0,0.0,0.0,0.0
187,Tyson Apostol,3.11,5.37,0.58,0,2,5,32,4,0.46,1.56,7,1.04,4.66,27,2,0.0,0.0,3,2,3.0,2.0,18,6.0,2.0,6,4.0,12.0,6.0,0.5,0,29,Utah,0,188,0,18.0,1,"Former Professional Cyclist/Missionary
Shop Manager",0.0,0.0,0.0,0.0,0.0,0.0
188,Brendan Synnott,1.19,4.12,0.29,0,2,4,24,3,0.61,2.33,7,0.9,3.53,24,1,0.0,0.0,2,0,2.0,0.0,18,5.0,2.0,6,4.0,11.0,6.0,0.545454546,5,30,New York,0,189,0,18.0,1,Entrepreneur,1.0,1.0,0.0,0.0,0.0,0.0
189,Coach Wade,1.86,10.37,0.18,1,4,6,50,7,0.55,1.6,7,0.73,3.46,36,3,2.0,0.0,6,1,8.0,1.0,18,6.0,1.0,6,4.0,12.0,5.0,0.41666666700000005,2,37,Tennessee,0,190,0,18.0,1,Soccer Coach/Musician,0.0,0.0,0.0,0.0,0.0,0.0
190,Sydney Wheeler,0.6,1.78,0.33,0,3,4,26,4,0.71,2.63,7,1.05,3.22,18,1,0.0,0.0,0,0,0.0,0.0,18,4.0,2.0,6,2.0,10.0,4.0,0.4,0,24,North Carolina,0,191,0,18.0,0,Model,0.0,0.0,0.0,0.0,0.0,0.0
191,Erinn Lobdell,0.91,12.37,0.07,1,6,5,57,9,0.66,2.07,7,0.73,2.98,38,3,2.0,0.0,8,0,10.0,0.0,18,6.0,1.0,6,4.0,12.0,5.0,0.41666666700000005,4,26,Wisconsin,0,192,0,18.0,0,Hairstylist,0.0,0.0,0.0,0.0,0.0,0.0
192,Spencer Duhm,0.6,1.38,0.43,1,2,5,21,3,0.59,2.07,7,1.02,2.67,15,1,0.0,0.0,0,0,0.0,0.0,18,3.0,2.0,5,2.0,8.0,4.0,0.5,0,19,Florida,0,193,0,18.0,1,Student,0.0,0.0,0.0,0.0,0.0,0.0
193,Sierra Reed,0.86,7.37,0.12,1,3,11,39,5,0.54,1.12,7,0.66,1.98,30,2,1.0,0.0,4,0,5.0,0.0,18,6.0,1.0,6,4.0,12.0,5.0,0.41666666700000005,2,23,California,0,194,0,18.0,0,Model,0.0,0.0,0.0,0.0,0.0,0.0
194,Jerry Sims,0.13,0.55,0.23,0,1,6,15,2,0.3,1.4,7,0.53,1.53,9,1,0.0,0.0,0,0,0.0,0.0,18,1.0,0.0,3,1.0,4.0,1.0,0.25,0,49,South Carolina,0,195,0,18.0,1,Sgt - U.S. Army,0.0,0.0,0.0,0.0,0.0,0.0
195,Candace Smith,0.13,0.27,0.47,0,0,7,8,1,-0.88,0.0,7,-0.41,0.13,6,1,0.0,0.0,0,0,0.0,0.0,18,0.0,0.0,2,1.0,2.0,1.0,0.5,0,31,Ohio,0,196,0,18.0,0,Attorney,0.0,0.0,0.0,0.0,0.0,0.0
196,Carolina Eastwood,0.0,0.13,0.0,0,0,7,8,1,-0.88,0.0,7,-0.88,0.0,3,1,0.0,0.0,0,0,0.0,0.0,18,0.0,0.0,1,0.0,1.0,0.0,0.0,0,26,California,0,197,0,18.0,0,Bartender,0.0,0.0,0.0,0.0,0.0,0.0
197,Natalie White,0.37,11.61,0.03,2,14,5,108,14,1.0,3.11,9,1.03,3.460000000000001,39,0,0.0,0.0,9,0,9.0,0.0,19,5.5,1.0,6,1.0,11.5,2.0,0.173913044,0,26,Arkansas,1,198,0,19.0,0,Pharmaceutical Sales,0.0,0.0,0.0,0.0,0.0,0.0
198,Russell Hantz,1.95,11.61,0.17,1,14,2,108,14,1.0,4.67,9,1.17,6.51,39,0,0.0,0.0,9,1,9.0,1.0,19,6.0,2.5,6,1.0,12.0,3.5,0.291666667,0,36,Texas,0,199,0,19.0,1,Oil Company Owner,3.0,3.0,2.0,7.0,1.0,0.0
199,Brett Clouser,3.99,11.61,0.34,4,6,3,82,10,0.6,2.4,9,0.94,6.39,38,4,0.0,0.0,9,3,9.0,3.0,19,5.0,3.0,6,3.0,11.0,6.0,0.545454546,0,23,California,0,200,0,19.0,1,T-Shirt Designer,0.0,0.0,0.0,0.0,0.0,0.0
200,Jaison Robinson,2.75,10.61,0.26,1,12,7,104,13,0.92,2.35,9,1.18,4.97,37,1,0.0,0.0,8,2,8.0,2.0,19,5.5,1.5,6,1.0,11.5,2.5,0.21739130399999998,0,28,Illinois,0,201,0,19.0,1,Law Student,0.0,0.0,0.0,0.0,0.0,0.0
201,Laura Morett,2.96,5.28,0.56,5,2,5,43,4,0.47,1.56,9,1.03,4.51,27,2,0.0,0.0,3,2,3.0,2.0,19,4.0,2.0,6,4.0,10.0,6.0,0.6,0,39,Oregon,0,202,0,19.0,0,"Office Manager;
Fitness Instructor",0.0,0.0,0.0,0.0,0.0,0.0
202,Mick Trimming,1.17,11.61,0.1,1,13,4,108,14,0.93,3.25,9,1.03,4.42,39,1,0.0,0.0,9,1,9.0,1.0,19,5.5,0.0,6,1.0,11.5,1.0,0.086956522,0,33,California,0,203,0,19.0,1,Doctor,0.0,0.0,0.0,0.0,0.0,0.0
203,Kelly Sharbaugh,0.96,4.08,0.24,4,2,4,33,3,0.63,2.33,9,0.86,3.29,24,1,0.0,0.0,2,0,2.0,0.0,19,3.0,1.0,6,5.0,9.0,6.0,0.666666667,0,25,California,0,204,0,19.0,0,Hairstylist,0.0,0.0,0.0,0.0,0.0,0.0
204,John Fincher,1.96,6.28,0.31,3,2,7,52,5,0.37,1.02,9,0.69,2.98,30,3,0.0,0.0,4,1,4.0,1.0,19,4.5,2.0,6,4.0,10.5,6.0,0.571428571,0,25,California,0,205,0,19.0,1,Rocket Scientist,0.0,0.0,0.0,0.0,0.0,0.0
205,Monica Padilla,1.0,8.28,0.12,4,4,7,67,7,0.56,1.45,9,0.68,2.45,33,3,0.0,0.0,6,0,6.0,0.0,19,4.0,3.0,6,3.0,10.0,6.0,0.6,0,25,California,0,206,0,19.0,0,Law Student,0.0,0.0,0.0,0.0,0.0,0.0
206,Erik Cardona,0.96,2.88,0.33,2,1,10,22,2,0.27,1.0,9,0.61,1.96,21,1,0.0,0.0,1,0,1.0,0.0,19,2.0,2.0,6,4.0,8.0,6.0,0.75,0,28,California,0,207,0,19.0,1,Bartender,1.0,1.0,0.0,0.0,0.0,0.0
207,Ashley Trainer,0.17,1.48,0.11,2,3,9,31,4,0.68,1.62,9,0.79,1.78,14,1,0.0,0.0,0,0,0.0,0.0,19,1.0,0.0,5,1.0,6.0,1.0,0.166666667,0,22,Minnesota,0,208,0,19.0,0,Spa Sales,0.0,0.0,0.0,0.0,0.0,0.0
208,Ben Browning,0.0,0.64,0.0,1,2,7,25,3,0.57,1.7,9,0.57,1.7,8,1,0.0,0.0,0,0,0.0,0.0,19,0.0,0.0,3,0.0,3.0,0.0,0.0,0,28,California,0,209,0,19.0,1,Bar Manager,0.0,0.0,0.0,0.0,0.0,0.0
209,Yasmin Giles,0.23,1.14,0.2,2,0,8,10,1,-0.8,0.0,9,-0.6,0.23,11,1,0.0,0.0,0,0,0.0,0.0,19,0.5,0.0,4,2.0,4.5,2.0,0.444444444,0,33,California,0,210,0,19.0,0,Hairstylist,0.0,0.0,0.0,0.0,0.0,0.0
210,Marisa Calihan,0.25,0.35,0.71,0,0,7,10,1,-0.7,0.0,9,0.01,0.13,3,1,0.0,0.0,0,0,0.0,0.0,19,0.5,0.5,1,0.0,1.5,0.5,0.333333333,0,26,Ohio,0,211,0,19.0,0,Student,0.0,0.0,0.0,0.0,0.0,0.0
211,Betsy Bolan,0.0,0.48,0.0,1,0,7,18,2,-0.19,0.0,9,-0.19,0.0,6,2,0.0,0.0,0,0,0.0,0.0,19,0.0,0.0,2,0.0,2.0,0.0,0.0,0,48,New Hampshire,0,212,0,19.0,0,Police Officer,0.0,0.0,0.0,0.0,0.0,0.0
212,Chase Rice,3.24,11.68,0.28,1,10,1,79,10,1.0,5.6,9,1.276,8.846,39,0,2.0,2.0,8,0,10.0,2.0,21,5.0,4.0,6,4.0,11.0,8.0,0.727272727,0,24,North Carolina,0,213,0,21.0,1,Pro Racecar Jackman,0.0,1.0,1.0,0.0,0.0,0.0
213,Holly Hoffman,1.82,12.18,0.15,0,10,4,96,12,0.83,2.92,9,0.98,4.74,38,2,2.5,0.0,8,1,10.5,1.0,21,5.0,3.0,6,2.0,11.0,5.0,0.454545455,0,44,South Dakota,0,214,0,21.0,0,Swim Coach,0.0,0.0,0.0,0.0,0.0,0.0
214,Dan Lembo,0.77,10.68,0.07,2,8,9,92,11,0.72,1.57,9,0.79,2.34,37,3,2.0,0.0,7,0,9.0,0.0,21,5.0,3.0,6,2.0,11.0,5.0,0.454545455,0,63,New York,0,215,0,21.0,1,Real Estate Executive,0.0,0.0,0.0,0.0,0.0,0.0
215,Jane Bright,2.44,9.68,0.25,1,5,11,87,10,0.49,0.93,9,0.74,3.37,36,5,2.0,0.0,6,2,8.0,2.0,21,5.0,1.0,6,2.0,11.0,3.0,0.272727273,0,56,North Carolina,0,216,0,21.0,0,Dog Trainer,0.0,0.0,0.0,0.0,0.0,0.0
216,Brenda Lowe,1.46,5.43,0.27,0,5,13,58,6,0.8,1.37,9,1.07,2.83,27,1,0.0,0.0,4,1,4.0,1.0,21,4.0,0.0,6,4.0,10.0,4.0,0.4,0,27,Florida,0,217,0,21.0,0,Paddleboard Company Owner,0.0,0.0,0.0,0.0,0.0,0.0
217,Marty Piombo,0.44,4.23,0.1,0,4,14,65,7,0.54,0.89,9,0.64,1.33,24,3,0.0,0.0,3,0,3.0,0.0,21,3.0,1.0,6,2.0,9.0,3.0,0.333333333,0,48,California,0,218,0,21.0,1,Technology Executive,1.0,1.0,0.0,0.0,0.0,0.0
218,Alina Wilson,0.79,3.03,0.26,0,2,10,37,4,0.43,1.0,9,0.69,1.79,21,2,0.0,0.0,2,0,2.0,0.0,21,2.0,2.0,6,4.0,8.0,6.0,0.75,0,23,California,0,219,0,21.0,0,Art Student,0.0,0.0,0.0,0.0,0.0,0.0
219,Jill Behm,1.74,2.53,0.69,0,3,3,42,5,0.59,2.4,9,1.27,4.14,18,2,0.5,0.5,1,1,1.5,1.5,21,2.0,0.0,6,2.0,8.0,2.0,0.25,0,43,Pennsylvania,0,220,0,21.0,0,ER Doctor,0.0,0.0,0.0,0.0,0.0,0.0
220,Yve Rojas,0.24,1.7,0.14,0,4,7,42,5,0.77,2.04,9,0.91,2.27,15,1,0.0,0.0,1,0,1.0,0.0,21,1.0,1.0,5,1.0,6.0,2.0,0.333333333,0,41,Missouri,0,221,0,21.0,0,Homemaker,0.0,0.0,0.0,0.0,0.0,0.0
221,Kelly Bruno,0.34,1.7,0.2,1,1,3,18,2,0.42,2.0,9,0.61,2.34,15,1,0.0,0.0,1,0,1.0,0.0,21,1.0,0.0,5,3.0,6.0,3.0,0.5,0,26,North Carolina,0,222,0,21.0,0,Medical Student,0.0,0.0,0.0,0.0,0.0,0.0
222,Tyrone Davis,0.24,0.7,0.34,0,3,6,35,4,0.71,2.1,9,1.05,2.34,14,1,0.0,0.0,0,0,0.0,0.0,21,1.0,1.0,5,1.0,6.0,2.0,0.333333333,0,42,California,0,223,0,21.0,1,Fire Captain,0.0,0.0,0.0,0.0,0.0,0.0
223,Jimmy Tarantino,0.11,0.45,0.25,0,2,5,27,3,0.6,2.07,9,0.85,2.19,11,1,0.0,0.0,0,0,0.0,0.0,21,0.0,0.0,4,1.0,4.0,1.0,0.25,0,48,Massachusetts,0,224,0,21.0,1,Commercial Fisherman,0.0,0.0,0.0,0.0,0.0,0.0
224,Jimmy Johnson,0.11,0.32,0.34,0,1,8,19,2,0.29,1.17,9,0.63,1.28,8,1,0.0,0.0,0,0,0.0,0.0,21,0.0,0.0,3,1.0,3.0,1.0,0.333333333,0,67,Florida,0,225,0,21.0,1,Former NFL Coach,0.0,0.0,0.0,0.0,0.0,0.0
225,Shannon Elkins,0.1,0.21,0.47,0,0,7,10,1,-0.7,0.0,9,-0.23,0.1,6,1,0.0,0.0,0,0,0.0,0.0,21,0.0,0.0,2,1.0,2.0,1.0,0.5,0,30,Louisiana,0,226,0,21.0,1,Pest Control Company Owner,0.0,0.0,0.0,0.0,0.0,0.0
226,Kim Spradlin,6.08,13.81,0.44,0,9,3,80,10,0.9,3.6,9,1.3299999999999998,9.67,39,1,3.0,1.0,9,4,12.0,5.0,24,8.0,5.0,5,2.0,13.0,7.0,0.5384615389999999,0,29,Texas,1,227,0,24.0,0,Bridal Shop Owner,1.0,1.0,0.0,0.0,0.0,0.0
227,Chelsea Meissner,3.05,13.81,0.22,0,9,4,80,10,0.9,3.15,9,1.12,6.2,39,1,3.0,1.0,9,1,12.0,2.0,24,8.0,5.0,5,2.0,13.0,7.0,0.5384615389999999,0,26,South Carolina,0,228,0,24.0,0,Medical Sales,0.0,0.0,0.0,0.0,0.0,0.0
228,Jay Byars,2.32,4.81,0.48,1,4,5,50,5,0.78,2.49,9,1.26,4.81,25,1,0.0,0.0,3,1,3.0,1.0,24,8.0,5.0,5,4.0,13.0,9.0,0.692307692,0,25,South Carolina,0,229,0,24.0,1,Model,0.0,0.0,0.0,0.0,0.0,0.0
229,Alicia Rosa,1.8,12.81,0.14,0,7,5,83,10,0.69,2.18,9,0.83,3.97,37,3,3.0,0.0,8,1,11.0,1.0,24,8.0,4.0,5,1.0,13.0,5.0,0.384615385,0,25,Illinois,0,230,0,24.0,0,Special Education Teacher,0.0,0.0,0.0,0.0,0.0,0.0
230,Kat Edorsson,2.08,9.81,0.21,0,5,7,65,7,0.7,1.82,9,0.91,3.9,33,2,2.0,1.0,6,0,8.0,1.0,24,8.0,5.0,5,2.0,13.0,7.0,0.5384615389999999,0,22,Florida,0,231,0,24.0,0,"Timeshare Representative;
Full Time Student/Sales",0.0,0.0,0.0,0.0,0.0,0.0
231,Leif Manson,0.7,5.81,0.12,1,4,5,66,7,0.56,1.78,9,0.68,2.48,27,3,0.0,0.0,4,0,4.0,0.0,24,8.0,2.0,5,3.0,13.0,5.0,0.384615385,0,27,California,0,232,0,24.0,1,Phlebotomist,0.0,0.0,0.0,0.0,0.0,0.0
232,Michael Jefferson,1.03,3.48,0.3,1,2,9,40,4,0.44,1.08,9,0.74,2.11,22,2,0.0,0.0,2,0,2.0,0.0,24,7.0,3.0,5,4.0,12.0,7.0,0.583333333,0,30,Washington,0,233,0,24.0,1,Banker,0.0,0.0,0.0,0.0,0.0,0.0
233,Jonas Otsuji,0.36,2.41,0.15,1,3,10,36,4,0.68,1.5,9,0.83,1.86,20,1,0.0,0.0,1,0,1.0,0.0,24,6.0,1.0,5,2.0,11.0,3.0,0.272727273,0,37,Utah,0,234,0,24.0,1,Sushi Chef,0.0,0.0,0.0,0.0,0.0,0.0
234,Christina Cha,0.8,13.81,0.06,0,5,9,87,11,0.45,0.98,9,0.5,1.77,38,6,3.0,0.0,9,0,12.0,0.0,24,8.0,4.0,5,1.0,13.0,5.0,0.384615385,0,29,California,0,235,0,24.0,0,Career Consultant,0.0,0.0,0.0,0.0,0.0,0.0
235,Bill Posley,0.5,0.79,0.64,1,1,8,17,2,0.26,1.17,9,0.9,1.67,11,1,0.0,0.0,0,0,0.0,0.0,24,3.0,1.0,4,3.0,7.0,4.0,0.571428571,0,28,California,0,236,0,24.0,1,Stand-Up Comedian,0.0,0.0,0.0,0.0,0.0,0.0
236,Monica Culpepper,0.43,1.08,0.4,0,0,5,15,2,-0.17,0.0,9,0.23,0.43,14,2,0.0,0.0,0,0,0.0,0.0,24,4.0,2.0,5,1.0,9.0,3.0,0.333333333,0,41,Florida,0,237,0,24.0,0,"Ex-NFL Player's Wife;
Homemaker",0.0,0.0,0.0,0.0,0.0,0.0
237,Matt Quinlan,0.36,0.65,0.56,0,0,7,9,1,-0.78,0.0,9,-0.22,0.36,8,1,0.0,0.0,0,0,0.0,0.0,24,2.0,1.0,3,2.0,5.0,3.0,0.6,0,33,California,0,238,0,24.0,1,Attorney,0.0,0.0,0.0,0.0,0.0,0.0
238,Nina Acosta,0.0,0.36,0.0,0,0,6,8,1,-0.75,0.0,9,-0.75,0.0,5,1,0.0,0.0,0,0,0.0,0.0,24,1.0,0.0,2,0.0,3.0,0.0,0.0,0,51,California,0,239,0,24.0,0,Retired LAPD Officer,0.0,0.0,0.0,0.0,0.0,0.0
239,Tony Vlachos,2.28,12.94,0.18,2,10,5,70,10,0.99,3.11,9,1.171111111,5.396666666,39,0,1.0,1.0,9,0,10.0,1.0,28,7.0,3.0,6,2.0,13.0,5.0,0.462,0,39,New Jersey,1,240,0,28.0,1,Police Officer,3.0,3.0,2.0,0.0,0.0,0.0
240,Spencer Bledsoe,4.41,11.94,0.37,0,6,8,82,12,0.49,1.17,9,0.86,5.58,37,6,1.0,0.0,8,3,9.0,3.0,28,7.0,4.0,6,1.0,13.0,5.0,0.423,0,21,Illinois,0,241,0,28.0,1,Economics Student,1.0,1.0,1.0,0.0,0.0,0.0
241,Kass McQuillen,1.63,12.94,0.13,1,9,2,85,13,0.69,3.23,9,0.82,4.86,38,4,1.0,0.0,9,1,10.0,1.0,28,7.0,1.0,6,1.0,13.0,2.0,0.192,0,41,California,0,242,0,28.0,0,Attorney,0.0,0.0,0.0,0.0,0.0,0.0
242,Jefra Bland,1.76,7.61,0.23,1,5,9,58,7,0.69,1.54,9,0.92,3.3,30,2,0.0,0.0,5,0,5.0,0.0,28,6.0,5.0,6,3.0,12.0,8.0,0.708,0,22,Kentucky,0,243,0,28.0,0,Pageant Winner,0.0,0.0,0.0,0.0,0.0,0.0
243,Trish Hegarty,1.33,10.94,0.12,1,5,5,63,8,0.62,1.94,9,0.74,3.27,36,3,1.0,0.0,7,0,8.0,0.0,28,7.0,2.0,6,3.0,13.0,5.0,0.5,0,48,Massachusetts,0,244,0,28.0,0,Pilates Trainer,0.0,0.0,0.0,0.0,0.0,0.0
244,LJ McKanas,1.51,5.36,0.28,0,3,8,43,5,0.56,1.4,9,0.84,2.91,25,2,0.0,0.0,3,0,3.0,0.0,28,5.0,4.0,6,3.0,11.0,7.0,0.682,0,34,Massachusetts,0,245,0,28.0,1,Horse Trainer,1.0,1.0,1.0,0.0,0.0,0.0
245,Jeremiah Wood,1.72,6.61,0.26,0,2,9,51,6,0.3,0.72,9,0.56,2.43,28,4,0.0,0.0,4,0,4.0,0.0,28,6.0,4.0,6,3.0,12.0,7.0,0.625,0,34,North Carolina,0,246,0,28.0,1,Male Model,0.0,0.0,0.0,0.0,0.0,0.0
246,Sarah Lacina,0.83,2.83,0.29,1,1,0,12,1,0.33,1.4,9,0.63,2.23,19,0,0.0,0.0,1,0,1.0,0.0,28,3.0,0.0,6,3.0,9.0,3.0,0.444,0,29,Iowa,0,247,0,28.0,0,Police Officer,0.0,0.0,0.0,0.0,0.0,0.0
247,Garrett Adelstein,0.0,0.37,0.0,0,1,3,11,2,0.36,2.0,9,0.36,2.0,6,1,0.0,0.0,0,0,0.0,0.0,28,0.0,0.0,2,0.0,2.0,0.0,0.0,0,27,California,0,248,0,28.0,1,Pro Poker Player,1.0,1.0,0.0,0.0,0.0,0.0
248,Alexis Maxwell,0.68,1.83,0.37,3,1,8,13,2,0.19,1.17,9,0.57,1.85,16,1,0.0,0.0,0,0,0.0,0.0,28,3.0,1.0,6,2.0,9.0,3.0,0.389,0,21,Illinois,0,249,0,28.0,0,Student,0.0,0.0,0.0,0.0,0.0,0.0
249,J'Tia Taylor,0.13,1.12,0.11,0,2,7,15,3,0.51,1.7,9,0.62,1.82,11,1,0.0,0.0,0,0,0.0,0.0,28,1.0,0.0,4,0.0,5.0,0.0,0.1,0,31,Illinois,0,250,0,28.0,0,Nuclear Engineer,0.0,0.0,0.0,0.0,0.0,0.0
250,Morgan McLeod,0.72,4.03,0.18,3,1,8,34,4,0.19,0.58,9,0.37,1.3,22,3,0.0,0.0,2,0,2.0,0.0,28,4.0,1.0,6,2.0,10.0,3.0,0.35,0,21,California,0,251,0,28.0,0,Ex-NFL Cheerleader,0.0,0.0,0.0,0.0,0.0,0.0
251,Cliff Robinson,0.73,1.43,0.51,1,0,4,7,1,-0.57,0.0,9,-0.06,0.73,14,1,0.0,0.0,0,0,0.0,0.0,28,2.0,1.0,5,1.0,7.0,2.0,0.5,0,46,New Jersey,0,252,0,28.0,1,Former NBA All-Star,0.0,0.0,0.0,0.0,0.0,0.0
252,Brice Johnston,0.17,0.62,0.27,1,0,2,6,1,-0.33,0.0,9,-0.06,0.17,8,1,0.0,0.0,0,0,0.0,0.0,28,0.0,0.0,3,1.0,3.0,1.0,0.33299999999999996,0,27,Pennsylvania,0,253,0,28.0,1,Social Worker,0.0,0.0,0.0,0.0,0.0,0.0
253,David Samson,0.0,0.17,0.0,0,0,4,6,1,-0.67,0.0,9,-0.67,0.0,3,1,0.0,0.0,0,0,0.0,0.0,28,0.0,0.0,1,0.0,1.0,0.0,0.0,0,45,Florida,0,254,0,28.0,1,Miami Marlins President,0.0,0.0,0.0,0.0,0.0,0.0
254,Mike Holloway,7.54,13.8,0.55,1,9,0,86,11,0.82,5.73,8,1.3599999999999999,13.260000000000002,39,2,2.0,1.0,9,5,11.0,6.0,30,7.0,4.0,6,2.0,13.0,6.0,0.5379999999999999,0,38,Texas,1,255,0,30.0,1,Oil Driller,1.0,1.0,1.0,4.0,1.0,0.0
255,Carolyn Rivera,3.8,13.8,0.28,0,9,5,86,11,0.81,2.55,8,1.085,6.35,39,2,2.0,0.0,9,2,11.0,2.0,30,7.0,4.0,6,2.0,13.0,6.0,0.5770000000000001,0,52,Florida,0,256,0,30.0,0,Corporate Executive,1.0,1.0,1.0,5.0,1.0,0.0
256,Joe Anglim,3.95,5.89,0.67,0,3,8,51,6,0.47,1.17,8,1.15,5.12,24,3,1.0,1.0,3,2,4.0,3.0,30,4.0,2.0,6,3.0,10.0,5.0,0.5,0,25,Arizona,0,257,0,30.0,1,Jewelry Designer,0.0,0.0,0.0,0.0,0.0,0.0
257,Tyler Fredrickson,2.16,9.47,0.23,1,3,5,70,8,0.37,1.17,8,0.59,3.33,32,5,1.0,0.0,6,1,7.0,1.0,30,6.0,3.0,6,2.0,12.0,5.0,0.5,0,33,California,0,258,0,30.0,1,Ex-Talent Agent Assistant,0.0,0.0,0.0,0.0,0.0,0.0
258,Hali Ford,1.0,4.69,0.21,0,3,8,41,5,0.56,1.4,8,0.77,2.4,22,2,1.0,0.0,2,0,3.0,0.0,30,3.0,2.0,6,3.0,9.0,5.0,0.556,0,25,California,0,259,0,30.0,0,Law Student,0.0,0.0,0.0,0.0,0.0,0.0
259,Dan Foley,1.12,10.8,0.1,2,5,9,77,10,0.49,1.08,8,0.59,2.2,35,5,1.0,0.0,7,0,8.0,0.0,30,7.0,3.0,6,2.0,13.0,5.0,0.462,0,47,Maine,0,260,0,30.0,1,Postal Worker,0.0,0.0,0.0,0.0,0.0,0.0
260,Max Dawson,0.55,1.35,0.41,0,1,5,13,2,0.31,1.56,8,0.71,2.11,14,1,0.0,0.0,0,0,0.0,0.0,30,2.0,0.0,5,1.0,7.0,1.0,0.35700000000000004,0,37,California,0,261,0,30.0,1,Media Consultant,0.0,0.0,0.0,0.0,0.0,0.0
261,Shirin Oskooi,0.63,8.14,0.08,1,4,7,63,7,0.56,1.45,8,0.63,2.08,29,3,1.0,0.0,5,0,6.0,0.0,30,5.0,1.0,6,1.0,11.0,2.0,0.273,0,31,California,0,262,0,30.0,0,Yahoo! Executive,0.0,0.0,0.0,0.0,0.0,0.0
262,Jenn Brown,1.0,6.89,0.15,0,4,11,60,7,0.55,1.07,8,0.69,2.07,27,3,1.0,0.0,4,0,5.0,0.0,30,4.0,2.0,6,3.0,10.0,5.0,0.5,0,22,California,0,263,0,30.0,0,Sailing Instructor,1.0,1.0,1.0,7.0,1.0,0.0
263,Kelly Remington,0.62,2.69,0.23,1,1,4,25,3,0.28,1.17,8,0.51,1.78,19,2,0.0,0.0,1,0,1.0,0.0,30,3.0,1.0,6,2.0,9.0,3.0,0.389,0,44,New York,0,264,0,30.0,0,State Trooper,0.0,0.0,0.0,0.0,0.0,0.0
264,Joaquin Souberbielle,0.84,1.69,0.5,1,0,4,13,2,-0.15,0.0,8,0.34,0.84,16,2,0.0,0.0,0,0,0.0,0.0,30,3.0,1.0,6,2.0,9.0,3.0,0.5,0,27,New York,0,265,0,30.0,1,Marketing Director,0.0,0.0,0.0,0.0,0.0,0.0
265,Lindsey Cascaddan,0.18,1.07,0.17,2,0,2,6,1,-0.33,0.0,8,-0.16,0.18,11,1,0.0,0.0,0,0,0.0,0.0,30,1.0,0.0,4,0.0,5.0,0.0,0.2,0,24,Florida,0,266,0,30.0,0,Hairdresser,0.0,0.0,0.0,0.0,0.0,0.0
266,Nina Poersch,0.17,0.57,0.29,1,0,4,11,2,-0.18,0.0,8,0.11,0.17,8,2,0.0,0.0,0,0,0.0,0.0,30,0.0,0.0,3,1.0,3.0,1.0,0.33299999999999996,0,51,California,0,267,0,30.0,0,Hearing Advocate,0.0,0.0,0.0,0.0,0.0,0.0
267,Vince Sly,0.17,0.37,0.45,0,0,3,6,1,-0.5,0.0,8,-0.05,0.17,6,1,0.0,0.0,0,0,0.0,0.0,30,0.0,0.0,2,1.0,2.0,1.0,0.5,0,32,California,0,268,0,30.0,1,Coconut Vendor,0.0,0.0,0.0,0.0,0.0,0.0
268,So Kim,0.0,2.17,0.0,0,0,4,6,1,-0.67,0.0,8,-0.67,0.0,3,1,0.0,0.0,0,0,0.0,0.0,30,0.0,0.0,1,0.0,1.0,0.0,0.0,0,31,California,0,269,0,30.0,0,Retail Buyer,0.0,0.0,0.0,0.0,0.0,0.0
269,Michele Fitzgerald,5.2,13.4,0.39,1,4,2,45,6,0.66,3.11,7,1.05,8.34,39,2,3.5,1.5,7,2,10.5,3.5,32,6.0,2.0,6,3.0,12.0,5.0,0.542,0,24,New Jersey,1,270,0,32.0,0,Bartender,0.0,0.0,0.0,0.0,0.0,0.0
270,Aubry Bracco,1.93,13.4,0.14,1,8,8,63,9,0.87,2.07,7,1.01,3.98,39,1,3.5,1.0,7,0,10.5,1.0,32,6.0,2.0,6,2.0,12.0,4.0,0.375,0,29,Massachusetts,0,271,0,32.0,0,Social Media Marketer,0.0,0.0,0.0,0.0,0.0,0.0
271,Tai Trang,3.11,13.4,0.23,1,5,4,57,9,0.55,1.94,7,0.78,5.05,39,4,3.5,0.5,7,1,10.5,1.5,32,6.0,4.0,6,2.0,12.0,6.0,0.583,0,51,California,0,272,0,32.0,1,Gardener,1.0,2.0,0.0,0.0,0.0,0.0
272,Cydney Gillon,1.96,12.4,0.16,0,7,5,60,9,0.77,2.42,7,0.93,4.38,37,2,2.5,0.0,7,1,9.5,1.0,32,6.0,1.0,6,2.0,12.0,3.0,0.292,0,22,Georgia,0,273,0,32.0,0,Bodybuilder,0.0,0.0,0.0,0.0,0.0,0.0
273,Julia Sokolowski,2.58,8.07,0.32,2,3,7,40,5,0.57,1.53,7,0.88,4.1,29,2,0.5,0.5,5,1,5.5,1.5,32,5.0,3.0,5,1.0,10.0,4.0,0.5,0,19,Massachusetts,0,274,0,32.0,0,College Student,0.0,0.0,0.0,0.0,0.0,0.0
274,Debbie Wanner,1.2,5.07,0.24,1,2,5,25,3,0.6,2.07,7,0.84,3.27,24,1,0.0,0.0,3,0,3.0,0.0,32,4.0,2.0,6,4.0,10.0,6.0,0.6,0,49,Pennsylvania,0,275,0,32.0,0,Chemist,0.0,0.0,0.0,0.0,0.0,0.0
275,Kyle Jason,2.04,9.4,0.22,1,2,5,56,8,0.24,0.78,7,0.46,2.82,32,6,0.5,0.0,6,1,6.5,1.0,32,5.0,2.0,6,2.0,11.0,4.0,0.409,0,31,Michigan,0,276,0,32.0,1,Bounty Hunter,1.0,1.0,0.0,0.0,0.0,0.0
276,Nick Maiorano,2.32,3.82,0.61,0,0,6,10,1,-0.6,0.0,7,0.01,2.32,22,1,0.0,0.0,2,1,2.0,1.0,32,3.0,1.0,6,4.0,9.0,5.0,0.722,0,30,California,0,277,0,32.0,1,Personal Trainer,0.0,0.0,0.0,0.0,0.0,0.0
277,Scot Pollard,0.74,6.57,0.11,0,4,7,54,8,0.48,1.27,7,0.6,2.01,27,4,0.5,0.0,4,0,4.5,0.0,32,4.0,3.0,6,0.0,10.0,3.0,0.35,0,40,Indiana,0,278,0,32.0,1,Former NBA Champion,0.0,1.0,0.0,0.0,0.0,0.0
278,Jennifer Lanzetti,0.0,0.37,0.0,0,1,3,11,2,0.36,2.0,7,0.36,2.0,6,1,0.0,0.0,0,0,0.0,0.0,32,0.0,0.0,2,0.0,2.0,0.0,0.0,0,38,Utah,0,279,0,32.0,0,Contractor,0.0,0.0,0.0,0.0,0.0,0.0
279,Peter Baggenstos,0.93,1.62,0.58,0,1,7,18,3,0.2,0.85,7,0.78,1.78,16,2,0.0,0.0,0,0,0.0,0.0,32,2.0,2.0,6,2.0,8.0,4.0,0.563,0,34,Minnesota,0,280,0,32.0,1,ER Doctor,0.0,0.0,0.0,0.0,0.0,0.0
280,Alecia Holden,0.13,3.45,0.04,0,2,8,15,3,0.49,1.56,7,0.53,1.68,11,1,0.0,0.0,0,0,0.0,0.0,32,1.0,0.0,4,0.0,5.0,0.0,0.1,0,24,Texas,0,281,0,32.0,0,Real Estate Agent,0.0,0.0,0.0,0.0,0.0,0.0
281,Anna Khait,0.41,1.28,0.32,2,0,5,6,1,-0.83,0.0,7,-0.52,0.41,14,1,0.0,0.0,0,0,0.0,0.0,32,1.0,0.0,5,1.0,6.0,1.0,0.33299999999999996,0,26,New York,0,282,0,32.0,0,Pro Poker Player,0.0,0.0,0.0,0.0,0.0,0.0
282,Darnell Hamilton,0.0,0.17,0.0,0,0,3,6,1,-0.5,0.0,7,-0.5,0.0,3,1,0.0,0.0,0,0,0.0,0.0,32,0.0,0.0,1,0.0,1.0,0.0,0.0,0,27,Illinois,0,283,0,32.0,1,Postal Worker,0.0,0.0,0.0,0.0,0.0,0.0
283,Adam Klein,1.76,13.22,0.13,2,9,6,100,12,0.75,2.1,10,0.8799999999999999,3.8599999999999994,39,3,1.0,0.0,10,1,11.0,1.0,33,6.0,1.0,7,3.0,13.0,4.0,0.34600000000000003,0,25,California,1,284,0,33.0,1,Homeless Shelter Manager,2.0,2.0,2.0,4.0,0.0,0.0
284,Ken McNickle,4.75,13.22,0.36,0,12,2,117,14,0.86,4.0,10,1.22,8.75,39,2,1.0,0.0,10,4,11.0,4.0,33,6.0,2.0,7,2.0,13.0,4.0,0.34600000000000003,0,33,Colorado,0,285,0,33.0,1,Model,0.0,0.0,0.0,0.0,0.0,0.0
285,David Wright,3.15,13.22,0.24,1,12,10,117,14,0.85,1.71,10,1.09,4.87,38,2,1.0,0.0,10,2,11.0,2.0,33,6.0,4.0,7,1.0,13.0,5.0,0.462,0,42,California,0,286,0,33.0,1,Television Writer,2.0,2.0,2.0,5.0,1.0,0.0
286,Hannah Shapiro,1.11,13.22,0.08,3,9,5,101,12,0.75,2.33,10,0.83,3.44,39,3,1.0,0.0,10,0,11.0,0.0,33,6.0,1.0,7,5.0,13.0,6.0,0.5,0,24,California,0,287,0,33.0,0,Barista,0.0,0.0,0.0,0.0,0.0,0.0
287,Will Wahl,1.59,9.22,0.17,4,4,6,79,8,0.49,1.4,10,0.66,2.99,34,4,1.0,0.0,6,1,7.0,1.0,33,6.0,0.0,7,3.0,13.0,3.0,0.308,0,18,New Jersey,0,288,0,33.0,1,High-School Student,0.0,0.0,0.0,0.0,0.0,0.0
288,Michaela Bradshaw,1.04,1.52,0.68,0,1,4,16,2,0.38,1.75,10,1.06,2.79,20,1,0.0,0.0,0,0,0.0,0.0,33,3.0,0.0,7,5.0,10.0,5.0,0.6,0,25,Texas,0,289,0,33.0,0,Vacation Club Sales,0.0,0.0,0.0,0.0,0.0,0.0
289,Zeke Smith,1.62,8.22,0.2,1,4,10,70,7,0.55,1.14,10,0.75,2.76,33,3,1.0,0.0,5,0,6.0,0.0,33,6.0,4.0,7,3.0,13.0,7.0,0.615,0,28,New York,0,290,0,33.0,1,Asset Manager,0.0,0.0,0.0,0.0,0.0,0.0
290,Sunday Burquest,1.26,10.22,0.12,2,5,5,103,11,0.45,1.41,10,0.57,2.68,35,6,1.0,0.0,7,0,8.0,0.0,33,6.0,4.0,7,2.0,13.0,6.0,0.5,0,45,Minnesota,0,291,0,33.0,0,Youth Pastor,0.0,0.0,0.0,0.0,0.0,0.0
291,Chris Hammons,1.15,4.89,0.24,0,4,7,68,7,0.56,1.45,10,0.79,2.61,28,3,0.0,0.0,3,0,3.0,0.0,33,5.0,4.0,7,1.0,12.0,5.0,0.5,0,38,Oklahoma,0,292,0,33.0,1,Trial Lawyer,0.0,0.0,0.0,0.0,0.0,0.0
292,Bret LaBelle,1.39,12.22,0.11,2,5,5,114,13,0.38,1.2,10,0.49,2.58,37,8,1.0,0.0,9,0,10.0,0.0,33,6.0,4.0,7,3.0,13.0,7.0,0.5379999999999999,0,42,Massachusetts,0,293,0,33.0,1,Police Sergeant,0.0,0.0,0.0,0.0,0.0,0.0
293,Michelle Schubert,1.09,2.52,0.43,1,2,10,28,3,0.55,1.33,10,0.98,2.42,23,1,0.0,0.0,1,0,1.0,0.0,33,3.0,2.0,7,3.0,10.0,5.0,0.6,0,28,Washington,0,294,0,33.0,0,Missionary Recruiter,0.0,0.0,0.0,0.0,0.0,0.0
294,Jessica Lewis,0.59,6.22,0.09,1,4,4,78,8,0.49,1.75,10,0.59,2.34,30,4,0.0,0.0,4,0,4.0,0.0,33,6.0,1.0,7,2.0,13.0,3.0,0.26899999999999996,0,37,New York,0,295,0,33.0,0,Assistant District Attorney,0.0,0.0,0.0,0.0,0.0,0.0
295,Lucy Huang,0.24,0.57,0.41,0,1,2,27,3,0.31,1.56,10,0.72,1.79,12,2,0.0,0.0,0,0,0.0,0.0,33,1.0,1.0,4,1.0,5.0,2.0,0.4,0,42,California,0,296,0,33.0,0,Dietician,0.0,0.0,0.0,0.0,0.0,0.0
296,Paul Wachter,0.11,0.32,0.34,0,1,6,19,2,0.34,1.4,10,0.69,1.51,10,1,0.0,0.0,0,0,0.0,0.0,33,0.0,0.0,3,1.0,3.0,1.0,0.33299999999999996,0,52,Florida,0,297,0,33.0,1,Boat Mechanic,0.0,0.0,0.0,0.0,0.0,0.0
297,Mari Takahashi,0.1,0.21,0.47,0,0,7,10,1,-0.7,0.0,10,-0.23,0.1,7,1,0.0,0.0,0,0,0.0,0.0,33,0.0,0.0,2,1.0,2.0,1.0,0.5,0,31,California,0,298,0,33.0,0,Gamer,0.0,0.0,0.0,0.0,0.0,0.0
298,Rachel Ako,0.0,0.1,0.0,0,0,5,10,1,-0.5,0.0,10,-0.5,0.0,4,1,0.0,0.0,0,0,0.0,0.0,33,0.0,0.0,1,0.0,1.0,0.0,0.0,0,37,California,0,299,0,33.0,0,Recruiting Director,0.0,0.0,0.0,0.0,0.0,0.0
299,Ben Driebergen,1.78,14.28,0.12,1,7,2,73,9,0.77,3.63,8,0.895,5.41,39,2,2.0,0.0,9,0,11.0,0.0,35,8.0,2.0,6,4.0,14.0,6.0,0.5710000000000001,0,34,Idaho,0,300,0,35.0,1,Marine,3.0,3.0,3.0,9.0,1.0,0.0
300,Chrissy Hofbeck,6.43,14.28,0.45,1,5,7,82,11,0.45,1.16,8,0.8999999999999999,7.59,39,6,2.0,1.0,9,4,11.0,5.0,35,8.0,4.0,6,1.0,14.0,5.0,0.46399999999999997,0,46,New Jersey,0,301,0,35.0,0,Actuary,0.0,1.0,0.0,0.0,0.0,0.0
301,Devon Pinto,1.53,14.28,0.11,1,9,1,82,10,0.9,5.04,8,1.01,6.57,38,1,2.0,0.0,9,0,11.0,0.0,35,8.0,4.0,6,0.0,14.0,4.0,0.39299999999999996,0,23,California,0,302,0,35.0,1,Surf Instructor,0.0,0.0,0.0,0.0,0.0,0.0
302,Lauren Rimmer,2.86,10.78,0.27,4,6,3,67,7,0.85,3.43,8,1.12,6.29,33,1,2.0,1.0,6,1,8.0,2.0,35,7.0,1.0,6,2.0,13.0,3.0,0.308,0,35,North Carolina,0,303,0,35.0,0,Fisherman,1.0,1.0,0.0,0.0,0.0,0.0
303,Ryan Ulrich,0.63,14.28,0.04,1,8,0,87,12,0.67,4.67,8,0.715,5.3,39,4,2.0,0.0,9,0,11.0,0.0,35,8.0,2.0,6,0.0,14.0,2.0,0.214,0,23,New Jersey,0,304,0,35.0,1,Bellhop,2.0,2.0,1.0,2.0,0.0,0.0
304,Ashley Nolan,3.13,12.28,0.26,0,5,8,72,9,0.54,1.3,8,0.8,4.43,36,4,2.0,0.0,7,2,9.0,2.0,35,8.0,2.0,6,1.0,14.0,3.0,0.35700000000000004,0,26,Florida,0,305,0,35.0,0,Lifeguard,0.0,0.0,0.0,0.0,0.0,0.0
305,Cole Medders,2.98,5.53,0.54,0,0,7,32,3,-0.07,0.0,8,0.47,2.98,24,3,0.0,0.0,3,1,3.0,1.0,35,6.0,4.0,6,5.0,12.0,9.0,0.875,0,24,Arkansas,0,306,0,35.0,1,Wilderness Therapy Guide,0.0,0.0,0.0,0.0,0.0,0.0
306,Alan Ball,0.38,1.13,0.34,0,1,2,10,2,0.4,2.33,8,0.74,2.72,11,1,0.0,0.0,0,0,0.0,0.0,35,2.0,0.0,4,1.0,6.0,1.0,0.33299999999999996,0,32,Texas,0,307,0,35.0,1,NFL Player,0.0,0.0,0.0,0.0,0.0,0.0
307,Mike Zahalsky,1.31,13.28,0.1,3,3,5,67,8,0.37,1.17,8,0.46,2.48,37,5,2.0,0.0,8,0,10.0,0.0,35,8.0,3.0,6,4.0,14.0,7.0,0.536,0,43,Florida,0,308,0,35.0,1,Urologist,1.0,1.0,1.0,2.0,0.0,0.0
308,Joe Mena,1.18,8.78,0.13,2,3,9,53,6,0.47,1.08,8,0.61,2.26,30,3,1.0,0.0,5,0,6.0,0.0,35,7.0,4.0,6,1.0,13.0,5.0,0.5,0,34,Connecticut,0,309,0,35.0,1,Probation Officer,2.0,2.0,2.0,2.0,0.0,1.0
309,Jessica Johnston,1.78,3.13,0.57,0,0,7,12,1,-0.58,0.0,8,-0.01,1.78,19,1,0.0,0.0,1,1,1.0,1.0,35,4.0,2.0,6,5.0,10.0,7.0,0.85,0,29,Kentucky,0,310,0,35.0,0,Nurse Practitioner,0.0,0.0,0.0,0.0,0.0,0.0
310,Patrick Bolton,0.08,0.73,0.11,0,1,5,11,2,0.27,1.56,8,0.39,1.64,8,1,0.0,0.0,0,0,0.0,0.0,35,1.0,0.0,3,0.0,4.0,0.0,0.125,0,24,Alabama,0,311,0,35.0,1,Small Business Owner,0.0,0.0,0.0,0.0,0.0,0.0
311,Roark Luskin,0.73,1.63,0.45,0,0,3,5,1,-0.6,0.0,8,-0.15,0.73,14,1,0.0,0.0,0,0,0.0,0.0,35,3.0,1.0,5,2.0,8.0,3.0,0.5,0,27,California,0,312,0,35.0,0,Social Worker,0.0,0.0,0.0,0.0,0.0,0.0
312,Katrina Radke,0.08,0.33,0.25,0,0,5,6,1,-0.83,0.0,8,-0.58,0.08,3,1,0.0,0.0,0,0,0.0,0.0,35,1.0,0.0,1,0.0,2.0,0.0,0.25,0,46,Minnesota,0,313,0,35.0,0,Olympian,0.0,0.0,0.0,0.0,0.0,0.0
313,Simone Nguyen,0.08,0.53,0.16,0,0,5,6,1,-0.83,0.0,8,-0.68,0.08,6,1,0.0,0.0,0,0,0.0,0.0,35,1.0,0.0,2,0.0,3.0,0.0,0.16699999999999998,0,25,New York,0,314,0,35.0,0,Diversity Advocate,0.0,0.0,0.0,0.0,0.0,0.0
314,Amber Brkich,2.87,12.81,0.22,1,9,6,53,9,0.99,2.8,7,1.21,5.68,39,0,3.0,0.0,7,1,10.0,1.0,8,7.0,4.5,7,5.0,14.0,9.5,0.71,0,25,Pennsylvania,1,316,0,8.0,0,Administrative Assistant,0.0,0.0,0.0,0.0,0.0,0.0
315,Rupert Boneham,3.48,10.89,0.32,0,6,4,50,8,0.74,2.63,7,0.95,6.11,37,2,3.0,2.0,5,0,8.0,2.0,8,7.0,2.5,7,5.0,14.0,7.5,0.5,0,39,Indiana,0,317,0,8.0,1,Troubled Teens Mentor,0.0,0.0,0.0,0.0,0.0,0.0
316,Jenna Lewis,1.48,11.89,0.12,0,8,4,53,9,0.88,3.11,7,1.0,4.6,38,1,3.0,0.0,6,0,9.0,0.0,8,7.0,2.5,7,5.0,14.0,7.5,0.43,0,26,New Hampshire,0,318,0,8.0,0,Student,0.0,0.0,0.0,0.0,0.0,0.0
317,Shii Ann Huang,1.58,8.81,0.18,3,6,5,52,8,0.74,2.33,7,0.92,3.92,33,2,2.0,0.0,4,1,6.0,1.0,8,7.0,2.5,7,0.5,14.0,3.0,0.14,0,29,New York,0,319,0,8.0,0,Executive Recruiter,0.0,0.0,0.0,0.0,0.0,0.0
318,Kathy Vavrick-O'Brien,1.81,4.81,0.38,0,3,6,34,5,0.56,1.68,7,0.94,3.49,28,2,1.0,0.0,1,1,2.0,1.0,8,7.0,2.5,7,1.5,14.0,4.0,0.14,0,48,Vermont,0,320,0,8.0,0,Real Estate Agent,0.0,0.0,0.0,0.0,0.0,0.0
319,Jerri Manthey,0.74,2.64,0.28,0,5,7,33,6,0.8,2.12,7,1.08,2.86,24,1,0.0,0.0,0,0,0.0,0.0,8,6.0,2.5,7,1.0,13.0,3.5,0.15,0,33,California,0,321,0,8.0,0,Aspiring Actress,0.0,0.0,0.0,0.0,0.0,0.0
320,Colby Donaldson,0.81,1.96,0.41,1,1,4,12,2,0.33,1.75,7,0.75,2.56,19,1,0.0,0.0,0,0,0.0,0.0,8,6.0,2.5,6,1.5,12.0,4.0,0.25,0,29,California,0,322,0,8.0,1,Auto Customizer,0.0,0.0,0.0,0.0,0.0,0.0
321,Rudy Boesch,0.2,0.57,0.35,0,1,3,11,2,0.36,2.0,7,0.72,2.2,6,1,0.0,0.0,0,0,0.0,0.0,8,1.0,1.0,2,0.0,3.0,1.0,0.17,0,75,Virginia,0,323,0,8.0,1,Retired Navy SEAL,0.0,0.0,0.0,0.0,0.0,0.0
322,Ethan Zohn,0.74,2.44,0.3,0,2,6,28,5,0.36,1.12,7,0.66,1.86,21,3,0.0,0.0,0,0,0.0,0.0,8,6.0,2.5,6,1.0,12.0,3.5,0.13,0,30,New York,0,324,0,8.0,1,Professional Soccer Player,0.0,0.0,0.0,0.0,0.0,0.0
323,Rob Cesternino,0.78,1.23,0.64,1,0,5,6,1,-0.83,0.0,7,-0.2,0.78,12,1,0.0,0.0,0,0,0.0,0.0,8,3.0,2.0,3,2.0,6.0,4.0,0.67,0,25,New York,0,325,0,8.0,1,Computer Projects Coordinator,0.0,0.0,0.0,0.0,0.0,0.0
324,Richard Hatch,0.64,1.63,0.39,0,0,6,7,1,-0.86,0.0,7,-0.46,0.64,15,1,0.0,0.0,0,0,0.0,0.0,8,4.0,1.5,4,1.5,8.0,3.0,0.0,0,42,Rhode Island,0,326,0,8.0,1,Corporate Trainer,0.0,0.0,0.0,0.0,0.0,0.0
325,Tina Wesson,0.0,0.17,0.0,0,0,4,6,1,-0.67,0.0,7,-0.67,0.0,3,1,0.0,0.0,0,0,0.0,0.0,8,0.0,0.0,1,0.0,1.0,0.0,0.0,0,42,Tennessee,0,327,0,8.0,0,Personal Nurse; Motivational Speaker,0.0,0.0,0.0,0.0,0.0,0.0
326,Amanda Kimmel,2.89,12.05,0.24,0,12,0,86,13,0.92,6.46,8,1.165,9.35,39,1,2.0,0.0,8,2,10.0,2.0,16,6.0,4.0,8,2.0,14.0,6.0,0.428571429,2,23,California,0,328,0,16.0,0,"Hiking Guide;
Aspiring Designer",1.0,1.0,1.0,4.0,1.0,0.0
327,Parvati Shallow,2.17,12.05,0.18,1,9,4,60,9,0.99,3.5,8,1.175,5.67,39,0,2.0,0.0,8,1,10.0,1.0,16,6.0,4.0,8,5.0,14.0,9.0,0.642857143,2,25,California,1,329,0,16.0,0,"Boxer;
Charity Organizer",1.0,1.0,0.0,0.0,0.0,0.0
328,Alexis Jones,1.91,7.8,0.25,0,3,2,48,6,0.49,2.33,8,0.74,4.25,33,3,1.0,1.0,5,0,6.0,1.0,16,6.0,2.0,7,5.0,13.0,7.0,0.5384615389999999,1,24,California,0,330,0,16.0,0,Motivational Speaker,0.0,0.0,0.0,0.0,0.0,0.0
329,Cirie Fields,0.64,11.8,0.05,1,11,3,86,13,0.84,3.38,8,0.9,4.02,38,2,2.0,0.0,8,0,10.0,0.0,16,6.0,3.0,8,2.0,14.0,5.0,0.35714285700000004,3,37,Connecticut,0,331,0,16.0,0,Nurse,0.0,0.0,0.0,0.0,0.0,0.0
330,Natalie Bolton,1.02,12.05,0.08,2,5,3,57,8,0.62,2.5,8,0.7,3.52,37,3,2.0,0.0,7,0,9.0,0.0,16,6.0,1.0,8,6.0,14.0,7.0,0.5,0,32,California,0,332,0,16.0,0,Personal Trainer,0.0,0.0,0.0,0.0,0.0,0.0
331,Eliza Orlins,1.42,3.8,0.37,0,2,8,29,3,0.57,1.56,8,0.95,2.98,24,1,0.0,0.0,2,0,2.0,0.0,16,5.0,4.0,8,6.0,13.0,10.0,0.7692307690000001,0,25,New York,0,333,0,16.0,0,"Pre-Law Student;
Law School Student",0.0,0.0,0.0,0.0,0.0,0.0
332,Ami Cusack,0.64,2.8,0.23,0,4,4,45,6,0.65,2.33,8,0.88,2.97,21,2,0.0,0.0,1,0,1.0,0.0,16,5.0,3.0,8,2.0,13.0,5.0,0.384615385,1,34,Colorado,0,334,0,16.0,0,"Coffee Barista;
Nanny",0.0,0.0,0.0,0.0,0.0,0.0
333,Jason Siska,2.41,6.05,0.4,0,1,8,46,5,0.17,0.47,8,0.56,2.88,30,4,0.0,0.0,4,1,4.0,1.0,16,6.0,3.0,8,6.0,14.0,9.0,0.642857143,6,22,Illinois,0,335,0,16.0,1,Gymnastics Coach,1.0,1.0,0.0,0.0,0.0,0.0
334,Yau-Man Chan,1.22,1.43,0.85,0,1,6,19,2,0.34,1.4,8,1.19,2.62,8,1,0.0,0.0,1,1,1.0,1.0,16,1.0,1.0,3,1.0,4.0,2.0,0.5,0,55,California,0,336,0,16.0,1,Computer Engineer,0.0,0.0,0.0,0.0,0.0,0.0
335,Tracy Hughes-Wolf,0.38,2.55,0.15,1,3,7,40,5,0.57,1.53,8,0.71,1.91,20,2,0.0,0.0,1,0,1.0,0.0,16,5.0,1.0,7,2.0,12.0,3.0,0.25,2,43,Virginia,0,337,0,16.0,0,Residential Builder,0.0,0.0,0.0,0.0,0.0,0.0
336,Chet Welch,0.21,2.22,0.1,1,3,12,34,4,0.66,1.31,8,0.76,1.52,17,1,0.0,0.0,1,0,1.0,0.0,16,4.0,0.0,6,2.0,10.0,2.0,0.2,2,48,Pennsylvania,0,338,0,16.0,1,Pageant Coach,0.0,0.0,0.0,0.0,0.0,0.0
337,Joel Anderson,0.21,1.93,0.11,0,1,6,27,3,0.26,0.93,8,0.37,1.14,14,2,0.0,0.0,1,0,1.0,0.0,16,3.0,0.0,5,2.0,8.0,2.0,0.25,0,32,Arizona,0,339,0,16.0,1,Firefighter,0.0,0.0,0.0,0.0,0.0,0.0
338,Mary Sartain,0.1,1.21,0.08,0,0,6,10,1,-0.6,0.0,8,-0.52,0.1,6,1,0.0,0.0,1,0,1.0,0.0,16,0.0,0.0,2,1.0,2.0,1.0,0.5,0,29,California,0,340,0,16.0,0,Real Estate Manager,0.0,0.0,0.0,0.0,0.0,0.0
339,Sandra Diaz-Twine,0.69,11.56,0.06,6,9,1,89,12,0.75,4.2,9,0.8099999999999999,4.87,39,3,1.0,0.0,8,0,9.0,0.0,20,7.0,2.0,8,3.0,15.0,5.0,0.333333333,0,35,Connecticut,1,341,0,20.0,0,Office Assistant,0.0,0.0,0.0,0.0,0.0,0.0
340,Parvati Shallow,3.71,11.56,0.32,3,10,4,89,12,0.83,2.92,9,1.15,6.65,39,2,1.0,0.0,8,3,9.0,3.0,20,7.0,1.0,8,4.0,15.0,5.0,0.333333333,0,26,California,0,342,0,20.0,0,"Boxer;
Charity Organizer",1.0,3.0,2.0,5.0,0.0,1.0
341,Jerri Manthey,3.0,11.56,0.26,2,9,4,89,12,0.75,2.63,9,1.01,5.63,38,3,1.0,1.0,8,1,9.0,2.0,20,7.0,3.0,8,4.0,15.0,7.0,0.46666666700000003,0,38,California,0,343,0,20.0,0,Aspiring Actress,0.0,1.0,0.0,0.0,0.0,0.0
342,Russell Hantz,2.68,11.56,0.23,2,11,5,89,12,0.91,2.85,9,1.14,5.53,39,1,1.0,0.0,8,2,9.0,2.0,20,7.0,2.0,8,3.0,15.0,5.0,0.333333333,0,36,Texas,0,344,0,20.0,1,Oil Company Owner,2.0,3.0,2.0,4.0,1.0,0.0
343,Danielle DiLorenzo,2.19,7.56,0.29,3,7,4,74,9,0.77,2.72,9,1.06,4.92,33,2,0.0,0.0,5,1,5.0,1.0,20,7.0,4.0,8,3.0,15.0,7.0,0.46666666700000003,0,28,California,0,345,0,20.0,0,Medical Sales Rep.,0.0,0.0,0.0,0.0,0.0,0.0
344,Candice Woodcock,2.23,7.56,0.29,0,5,5,67,8,0.62,1.94,9,0.91,4.17,31,3,0.5,0.0,4,1,4.5,1.0,20,7.0,3.0,8,4.0,15.0,7.0,0.46666666700000003,0,26,D.C.,0,346,0,20.0,0,"Pre-Med Student;
Physician/Anesthesiology Resident",0.0,0.0,0.0,0.0,0.0,0.0
345,Cirie Fields,0.23,0.72,0.31,1,2,3,27,3,0.63,2.67,9,0.94,2.89,11,1,0.0,0.0,0,0,0.0,0.0,20,2.0,1.0,4,1.0,6.0,2.0,0.333333333,0,39,New Jersey,0,348,0,20.0,0,Nurse,0.0,0.0,0.0,0.0,0.0,0.0
346,Colby Donaldson,1.56,10.56,0.15,1,5,7,85,11,0.45,1.16,9,0.59,2.72,37,6,1.0,0.0,7,0,8.0,0.0,20,7.0,4.0,8,4.0,15.0,8.0,0.533333333,0,35,Texas,0,349,0,20.0,1,Auto Customizer,0.0,0.0,0.0,0.0,0.0,0.0
347,Amanda Kimmel,1.56,5.56,0.28,0,4,10,59,7,0.55,1.14,9,0.83,2.7,30,3,0.0,0.0,3,0,3.0,0.0,20,7.0,4.0,8,4.0,15.0,8.0,0.533333333,0,25,California,0,350,0,20.0,0,"Hiking Guide;
Aspiring Designer",0.0,0.0,0.0,0.0,0.0,0.0
348,Tyson Apostol,0.66,2.03,0.33,1,1,3,19,2,0.42,2.0,9,0.75,2.66,15,1,0.0,0.0,1,0,1.0,0.0,20,3.0,2.0,5,3.0,8.0,5.0,0.625,0,30,Utah,0,351,0,20.0,1,"Former Professional Cyclist/Missionary
Shop Manager",0.0,0.0,0.0,0.0,0.0,0.0
349,Rupert Boneham,1.23,9.56,0.13,1,6,10,80,10,0.59,1.2,9,0.72,2.43,36,4,1.0,0.0,6,0,7.0,0.0,20,7.0,3.0,8,4.0,15.0,7.0,0.46666666700000003,0,45,Indiana,0,352,0,20.0,1,Troubled Teens Mentor,0.0,0.0,0.0,0.0,0.0,0.0
350,Tom Westman,0.23,1.03,0.22,0,2,5,34,4,0.46,1.56,9,0.68,1.78,14,2,0.0,0.0,0,0,0.0,0.0,20,3.0,1.0,5,1.0,8.0,2.0,0.25,0,45,New York,0,353,0,20.0,1,"NYC Firefighter;
Motivational Speaker",1.0,1.0,1.0,3.0,0.0,1.0
351,James Clement,0.23,2.03,0.11,0,3,7,40,5,0.57,1.53,9,0.68,1.75,15,2,0.0,0.0,1,0,1.0,0.0,20,3.0,1.0,5,1.0,8.0,2.0,0.25,0,32,Louisiana,0,354,0,20.0,1,Gravedigger,0.0,0.0,0.0,0.0,0.0,0.0
352,Stephenie LaGrossa,0.1,0.33,0.31,0,1,6,19,2,0.34,1.4,9,0.65,1.5,6,1,0.0,0.0,0,0,0.0,0.0,20,1.0,1.0,2,0.0,3.0,1.0,0.333333333,0,29,Pennsylvania,0,355,0,20.0,0,Pharmaceutical Sales Respresentative,0.0,0.0,0.0,0.0,0.0,0.0
353,Courtney Yates,0.57,3.23,0.18,6,2,9,40,5,0.36,0.86,9,0.53,1.43,24,3,0.0,0.0,1,0,1.0,0.0,20,6.0,2.0,8,2.0,14.0,4.0,0.28571428600000004,0,28,New York,0,356,0,20.0,0,Waitress,0.0,0.0,0.0,0.0,0.0,0.0
354,Randy Bailey,0.1,0.45,0.22,1,0,9,10,1,-0.9,0.0,9,-0.68,0.1,8,1,0.0,0.0,0,0,0.0,0.0,20,1.0,0.0,3,1.0,4.0,1.0,0.25,0,50,Texas,0,357,0,20.0,1,Wedding Videographer,0.0,0.0,0.0,0.0,0.0,0.0
355,Denise Stapley,1.65,13.36,0.12,0,11,6,89,14,0.78,2.2,8,0.8999999999999999,3.8499999999999996,39,3,3.0,0.0,8,1,11.0,1.0,25,5.0,3.0,6,0.0,11.0,3.0,0.273,0,41,Iowa,1,358,0,25.0,0,Sex Therapist,0.0,0.0,0.0,0.0,0.0,0.0
356,Malcolm Freberg,5.21,13.36,0.39,0,9,6,78,12,0.74,2.1,8,1.13,7.31,38,3,3.0,2.0,8,2,11.0,4.0,25,5.0,4.0,6,2.0,11.0,6.0,0.545,0,25,California,0,359,0,25.0,1,Bartender,1.0,1.0,0.0,0.0,0.0,0.0
357,Lisa Whelchel,0.99,13.36,0.07,2,5,0,60,8,0.63,4.38,8,0.69,5.34,39,3,3.0,0.0,8,0,11.0,0.0,25,5.0,2.0,6,3.0,11.0,5.0,0.5,0,49,Texas,0,360,0,25.0,0,Former TV Teen Star,0.0,0.0,0.0,0.0,0.0,0.0
358,Carter Williams,3.38,9.36,0.36,0,5,5,62,8,0.61,1.94,8,0.98,5.33,33,3,1.0,0.0,6,2,7.0,2.0,25,5.0,3.0,6,2.0,11.0,5.0,0.545,0,23,Kansas,0,361,0,25.0,1,Track Coach,0.0,0.0,0.0,0.0,0.0,0.0
359,Jonathan Penner,2.33,7.36,0.32,0,4,9,56,7,0.55,1.23,8,0.87,3.56,30,3,0.0,0.0,5,1,5.0,1.0,25,5.0,3.0,6,2.0,11.0,5.0,0.545,0,50,California,0,362,0,25.0,1,Writer,1.0,1.0,1.0,5.0,1.0,0.0
360,Artis Silvester,1.25,5.11,0.24,1,2,5,30,3,0.61,2.07,8,0.86,3.33,25,1,0.0,0.0,3,0,3.0,0.0,25,4.0,1.0,6,4.0,10.0,5.0,0.6,0,53,Louisiana,0,363,0,25.0,1,Computer Engineer,0.0,0.0,0.0,0.0,0.0,0.0
361,Jeff Kent,0.88,3.86,0.23,0,3,5,32,4,0.71,2.33,8,0.94,3.22,22,1,0.0,0.0,2,0,2.0,0.0,25,3.0,1.0,6,2.0,9.0,3.0,0.444,0,44,Texas,0,364,0,25.0,1,Retired Baseball Player,0.0,0.0,0.0,0.0,0.0,0.0
362,Abi-Maria Gomes,1.48,11.36,0.13,6,2,6,56,7,0.27,0.8,8,0.4,2.28,36,5,2.0,0.0,7,1,9.0,1.0,25,5.0,2.0,6,0.0,11.0,2.0,0.22699999999999998,0,32,California,0,365,0,25.0,0,Business Student,0.0,0.0,0.0,0.0,0.0,0.0
363,Katie Hanson,0.27,1.66,0.16,2,1,4,11,2,0.32,1.75,8,0.48,2.02,16,1,0.0,0.0,0,0,0.0,0.0,25,2.0,0.0,6,1.0,8.0,1.0,0.188,0,22,Delaware,0,366,0,25.0,0,Former Miss Delaware,0.0,0.0,0.0,0.0,0.0,0.0
364,Sarah Dawson,0.17,1.26,0.13,3,0,5,6,1,-0.83,0.0,8,-0.7,0.17,13,1,0.0,0.0,0,0,0.0,0.0,25,1.0,0.0,5,1.0,6.0,1.0,0.16699999999999998,0,28,Maryland,0,367,0,25.0,0,Insurance Sales,0.0,0.0,0.0,0.0,0.0,0.0
365,Zane Knight,0.0,0.17,0.0,0,0,5,6,1,-0.83,0.0,8,-0.83,0.0,3,1,0.0,0.0,0,0,0.0,0.0,25,0.0,0.0,1,0.0,1.0,0.0,0.0,0,28,Virginia,0,368,0,25.0,1,Tire Repair,0.0,0.0,0.0,0.0,0.0,0.0
366,John Cochran,5.03,11.73,0.43,1,8,0,99,12,0.67,4.67,8,1.1,9.7,39,4,2.0,1.0,8,3,10.0,4.0,26,6.0,4.0,6,3.0,12.0,7.0,0.583333333,0,25,D.C.,1,369,0,26.0,1,Harvard Law Student,0.0,0.0,0.0,0.0,0.0,0.0
367,Dawn Meehan,1.65,11.73,0.14,2,9,2,99,12,0.75,3.5,8,0.89,5.15,39,3,2.0,0.0,8,1,10.0,1.0,26,6.0,3.0,6,2.0,12.0,5.0,0.41666666700000005,0,42,Utah,0,370,0,26.0,0,English Professor,0.0,0.0,0.0,0.0,0.0,0.0
368,Brenda Lowe,3.07,9.73,0.32,1,5,5,82,9,0.55,1.73,8,0.86,4.79,36,4,1.0,1.0,7,1,8.0,2.0,26,6.0,3.0,6,5.0,12.0,8.0,0.666666667,0,29,Florida,0,371,0,26.0,0,Paddleboard Company Owner,0.0,0.0,0.0,0.0,0.0,0.0
369,Andrea Boehlke,2.07,7.73,0.27,1,6,13,76,8,0.73,1.24,8,1.0,3.3,33,2,0.0,0.0,6,1,6.0,1.0,26,6.0,3.0,6,5.0,12.0,8.0,0.666666667,0,23,New York,0,372,0,26.0,0,"Student;
Entertainment Host/Writer",0.0,1.0,0.0,0.0,0.0,0.0
370,Malcolm Freberg,1.23,5.73,0.22,0,3,3,61,6,0.49,2.0,8,0.71,3.23,30,3,0.0,0.0,4,0,4.0,0.0,26,6.0,4.0,6,5.0,12.0,9.0,0.75,0,25,California,0,373,0,26.0,1,Bartender,2.0,3.0,3.0,6.0,0.0,1.0
371,Phillip Sheppard,0.96,4.73,0.2,1,5,5,65,7,0.7,2.22,8,0.91,3.18,28,2,0.0,0.0,3,0,3.0,0.0,26,6.0,4.0,6,3.0,12.0,7.0,0.583333333,0,54,California,0,374,0,26.0,1,"Technology Executive
Software Sales",0.0,0.0,0.0,0.0,0.0,0.0
372,Sherri Biethman,0.41,11.73,0.03,2,9,6,93,11,0.81,2.29,8,0.85,2.7,39,2,2.0,0.0,8,0,10.0,0.0,26,6.0,1.0,6,2.0,12.0,3.0,0.25,0,41,Idaho,0,375,0,26.0,0,Fast Food Franchisee,0.0,0.0,0.0,0.0,0.0,0.0
373,Corinne Kaplan,0.61,2.33,0.26,1,4,7,44,5,0.77,2.04,8,1.03,2.65,22,1,0.0,0.0,1,0,1.0,0.0,26,4.0,3.0,6,2.0,10.0,5.0,0.5,0,33,California,0,376,0,26.0,0,"Pharmaceutical Sales;
Clinical Consultant",0.0,0.0,0.0,0.0,0.0,0.0
374,Reynold Toepfer,1.98,6.73,0.29,0,2,8,76,8,0.24,0.58,8,0.53,2.56,31,6,0.0,0.0,5,1,5.0,1.0,26,6.0,3.0,6,3.0,12.0,6.0,0.5,0,30,California,0,377,0,26.0,1,Real Estate Sales,2.0,2.0,1.0,1.0,0.0,0.0
375,Julia Landauer,0.1,1.33,0.08,0,3,5,39,5,0.57,1.87,8,0.65,1.97,19,2,0.0,0.0,0,0,0.0,0.0,26,4.0,0.0,6,1.0,10.0,1.0,0.1,0,21,California,0,378,0,26.0,0,Racecar Driver,0.0,0.0,0.0,0.0,0.0,0.0
376,Laura Alexander,0.1,0.69,0.14,1,2,6,26,3,0.59,1.87,8,0.73,1.97,10,1,0.0,0.0,0,0,0.0,0.0,26,2.0,0.0,4,1.0,6.0,1.0,0.166666667,0,23,D.C.,0,379,0,26.0,0,Administrative Officer,0.0,0.0,0.0,0.0,0.0,0.0
377,Matt Bischoff,0.1,1.0,0.1,0,2,4,33,4,0.47,1.75,8,0.57,1.85,16,2,0.0,0.0,0,0,0.0,0.0,26,3.0,0.0,5,1.0,8.0,1.0,0.125,0,38,Ohio,0,380,0,26.0,1,BMX Bike Sales,0.0,0.0,0.0,0.0,0.0,0.0
378,Michael Snow,0.3,3.53,0.08,0,3,10,62,7,0.41,0.86,8,0.49,1.16,25,4,0.0,0.0,2,0,2.0,0.0,26,5.0,1.0,6,1.0,11.0,2.0,0.181818182,0,44,New York,0,381,0,26.0,1,Event Planner,0.0,0.0,0.0,0.0,0.0,0.0
379,Brandon Hantz,0.76,0.86,0.88,0,0,8,19,2,-0.21,0.0,8,0.67,0.76,13,2,0.0,0.0,0,0,0.0,0.0,26,3.0,3.0,4,3.0,7.0,6.0,0.857142857,0,20,Texas,0,382,0,26.0,1,"Oil Tanker Crewman
Chemical Disposal",0.0,0.0,0.0,0.0,0.0,0.0
380,Francesca Hogi,0.1,0.2,0.5,0,0,6,10,1,-0.6,0.0,8,-0.1,0.1,3,1,0.0,0.0,0,0,0.0,0.0,26,1.0,1.0,1,0.0,2.0,1.0,0.5,0,38,New York,0,383,0,26.0,0,Attorney,0.0,0.0,0.0,0.0,0.0,0.0
381,Hope Driskill,0.1,0.42,0.24,0,0,3,19,2,-0.08,0.0,8,0.16,0.1,7,2,0.0,0.0,0,0,0.0,0.0,26,1.0,0.0,3,1.0,4.0,1.0,0.25,0,23,Missouri,0,384,0,26.0,0,Pre-Law Student,0.0,0.0,0.0,0.0,0.0,0.0
382,Jeremy Collins,1.64,15.43,0.11,2,7,0,91,11,0.64,4.45,10,0.74,6.09,39,4,3.5,0.0,10,1,13.5,1.0,31,5.0,0.0,6,4.0,11.0,4.0,0.409,0,37,Massachusetts,1,385,0,31.0,1,Cambridge Firefighter,2.0,2.0,2.0,8.0,1.0,1.0
383,Joe Anglim,5.56,9.93,0.56,0,0,8,63,5,-0.03,0.0,10,0.53,5.56,32,5,2.0,0.0,6,4,8.0,4.0,31,5.0,4.0,6,4.0,11.0,8.0,0.818,0,26,Arizona,0,386,0,31.0,1,Jewelry Designer,0.0,0.0,0.0,0.0,0.0,0.0
384,Kelley Wentworth,3.83,14.93,0.26,2,6,5,104,12,0.5,1.56,10,0.75,5.38,38,6,3.0,1.0,10,2,13.0,3.0,31,5.0,2.0,6,2.0,11.0,4.0,0.409,0,29,Washington,0,387,0,31.0,0,Marketing Manager,2.0,2.0,2.0,12.0,1.0,1.0
385,Spencer Bledsoe,3.95,14.93,0.26,1,9,11,117,14,0.64,1.2,10,0.9,5.03,39,5,3.0,0.0,10,3,13.0,3.0,31,5.0,3.0,6,1.0,11.0,4.0,0.409,0,23,Illinois,0,388,0,31.0,1,Economics Student,0.0,0.0,0.0,0.0,0.0,0.0
386,Keith Nale,3.16,13.93,0.23,0,2,4,81,9,0.22,0.78,10,0.44,3.94,37,7,3.0,1.0,9,1,12.0,2.0,31,5.0,2.0,6,4.0,11.0,6.0,0.636,0,54,Louisiana,0,389,0,31.0,1,Fire Captain,0.0,0.0,0.0,0.0,0.0,0.0
387,Stephen Fishbach,1.84,7.93,0.23,2,4,4,61,7,0.56,2.0,10,0.79,3.84,29,3,1.0,1.0,5,0,6.0,1.0,31,5.0,1.0,6,4.0,11.0,5.0,0.5,0,36,New York,0,390,0,31.0,1,Corporate Consultant,0.0,0.0,0.0,0.0,0.0,0.0
388,Kimmi Kappenberg,0.8,12.93,0.06,1,5,2,82,9,0.55,2.59,10,0.62,3.4,36,4,3.0,0.0,8,0,11.0,0.0,31,5.0,1.0,6,4.0,11.0,5.0,0.5,0,42,Texas,0,391,0,31.0,0,Bartender,0.0,0.0,0.0,0.0,0.0,0.0
389,Andrew Savage,1.23,4.03,0.3,0,3,4,43,5,0.58,2.1,10,0.89,3.33,21,2,0.5,0.5,2,0,2.5,0.5,31,3.0,1.0,6,3.0,9.0,4.0,0.5,0,51,California,0,392,0,31.0,1,Attorney,0.0,0.0,0.0,0.0,0.0,0.0
390,Tasha Fox,1.13,14.93,0.08,1,7,5,96,12,0.58,1.81,10,0.65,2.94,39,5,3.0,0.0,10,0,13.0,0.0,31,5.0,2.0,6,4.0,11.0,6.0,0.591,0,39,Missouri,0,393,0,31.0,0,Accountant,0.0,0.0,0.0,0.0,0.0,0.0
391,Jeff Varner,0.0,0.58,0.0,0,3,4,30,4,0.72,2.63,10,0.72,2.63,11,1,0.0,0.0,0,0,0.0,0.0,31,0.0,0.0,4,0.0,4.0,0.0,0.0,0,49,North Carolina,0,394,0,31.0,1,Internet Projects Manager,0.0,0.0,0.0,0.0,0.0,0.0
392,Ciera Eastin,1.23,5.93,0.21,4,3,10,53,5,0.56,1.2,10,0.77,2.43,26,2,0.0,0.0,4,0,4.0,0.0,31,5.0,5.0,6,2.0,11.0,7.0,0.636,0,26,Oregon,0,395,0,31.0,0,Cosmetology Student,0.0,0.0,0.0,0.0,0.0,0.0
393,Peih-Gee Law,0.0,0.38,0.0,0,2,4,25,3,0.61,2.33,10,0.61,2.33,9,1,0.0,0.0,0,0,0.0,0.0,31,0.0,0.0,3,0.0,3.0,0.0,0.0,0,37,California,0,396,0,31.0,0,Jeweler,0.0,0.0,0.0,0.0,0.0,0.0
394,Kass McQuillen,0.75,2.36,0.32,1,1,6,20,2,0.35,1.4,10,0.67,2.15,19,1,0.0,0.0,1,0,1.0,0.0,31,2.0,1.0,6,3.0,8.0,4.0,0.625,0,42,California,0,397,0,31.0,0,Attorney,0.0,0.0,0.0,0.0,0.0,0.0
395,Woo Hwang,0.52,1.36,0.38,0,2,5,37,5,0.37,1.24,10,0.75,1.76,16,3,0.0,0.0,0,0,0.0,0.0,31,2.0,1.0,6,1.0,8.0,2.0,0.313,0,31,California,0,398,0,31.0,1,Martial Arts Instructor,0.0,0.0,0.0,0.0,0.0,0.0
396,Abi-Maria Gomes,0.72,11.93,0.06,2,8,14,107,12,0.66,1.04,10,0.72,1.75,35,4,3.0,0.0,7,0,10.0,0.0,31,5.0,2.0,6,1.0,11.0,3.0,0.318,0,35,California,0,399,0,31.0,0,Business Student,0.0,0.0,0.0,0.0,0.0,0.0
397,Shirin Oskooi,0.0,0.21,0.0,0,1,5,19,2,0.37,1.56,10,0.37,1.56,6,1,0.0,0.0,0,0,0.0,0.0,31,0.0,0.0,2,0.0,2.0,0.0,0.0,0,32,California,0,400,0,31.0,0,Yahoo! Executive,0.0,0.0,0.0,0.0,0.0,0.0
398,Kelly Wiglesworth,0.72,4.73,0.15,1,1,8,68,7,0.13,0.33,10,0.28,1.05,24,6,0.0,0.0,3,0,3.0,0.0,31,4.0,2.0,6,1.0,10.0,3.0,0.35,0,37,North Carolina,0,401,0,31.0,0,River Guide,0.0,0.0,0.0,0.0,0.0,0.0
399,Terry Deitz,0.52,1.58,0.33,1,0,0,19,2,-0.08,0.0,10,0.25,0.64,13,2,0.5,0.25,0,0,0.5,0.25,31,1.0,0.0,5,1.0,6.0,1.0,0.33299999999999996,0,55,Connecticut,0,402,0,31.0,1,Pilot,0.0,0.0,0.0,0.0,0.0,0.0
400,Monica Padilla,0.29,1.08,0.27,2,0,3,6,1,-0.5,0.0,10,-0.23,0.29,15,1,0.0,0.0,0,0,0.0,0.0,31,1.0,0.0,5,2.0,6.0,2.0,0.41700000000000004,0,30,New York,0,403,0,31.0,0,Law Student,0.0,0.0,0.0,0.0,0.0,0.0
401,Vytas Baskauskas,0.0,0.1,0.0,0,0,6,10,1,-0.6,0.0,10,-0.6,0.0,3,1,0.0,0.0,0,0,0.0,0.0,31,0.0,0.0,1,0.0,1.0,0.0,0.0,0,35,California,0,404,0,31.0,1,Yoga Instructor/Math Professor,0.0,0.0,0.0,0.0,0.0,0.0
402,Brad Culpepper,6.56,12.81,0.51,0,8,2,103,12,0.67,3.11,10,1.18,9.670000000000002,39,4,0.5,0.25,10,5,10.5,5.25,34,6.0,3.0,7,5.0,13.0,8.0,0.615,0,47,Florida,0,405,0,34.0,1,Attorney/Former NFL Player,0.0,0.0,0.0,0.0,0.0,0.0
403,Sarah Lacina,1.14,12.31,0.09,0,11,0,99,13,0.85,5.92,10,0.94,7.0600000000000005,39,2,0.0,0.0,10,0,10.0,0.0,34,6.0,3.0,7,3.0,13.0,6.0,0.5379999999999999,0,32,Iowa,1,406,0,34.0,0,Police Officer,0.0,0.0,0.0,0.0,0.0,0.0
404,Andrea Boehlke,3.84,8.31,0.46,0,5,14,77,8,0.6,0.97,10,1.06,4.81,33,3,0.0,0.0,6,2,6.0,2.0,34,6.0,6.0,7,3.0,13.0,9.0,0.769,0,27,New York,0,407,0,34.0,0,"Student;
Entertainment Host/Writer",0.0,0.0,0.0,0.0,0.0,0.0
405,Cirie Fields,0.87,10.31,0.08,2,4,0,77,8,0.5,3.5,10,0.58,4.37,36,4,0.0,0.0,8,0,8.0,0.0,34,6.0,1.0,7,4.0,13.0,5.0,0.423,0,45,Connecticut,0,408,0,34.0,0,Nurse,0.0,0.0,0.0,0.0,0.0,0.0
406,Debbie Wanner,0.92,4.63,0.2,0,6,6,60,7,0.84,2.4,10,1.04,3.32,26,1,0.0,0.0,3,0,3.0,0.0,34,4.0,3.0,6,3.0,10.0,6.0,0.6,0,51,Pennsylvania,0,409,0,34.0,0,Chemist,0.0,0.0,0.0,0.0,0.0,0.0
407,Tai Trang,1.85,12.81,0.14,0,9,10,109,13,0.69,1.38,10,0.83,3.23,38,4,0.5,0.25,10,1,10.5,1.25,34,6.0,2.0,7,3.0,13.0,5.0,0.385,0,52,California,0,410,0,34.0,1,Gardener,3.0,3.0,3.0,9.0,1.0,0.0
408,Malcolm Freberg,0.42,1.08,0.39,0,2,5,30,3,0.61,2.07,10,1.0,2.49,11,1,0.5,0.5,0,0,0.5,0.5,34,0.0,0.0,4,1.0,4.0,1.0,0.25,0,29,California,0,411,0,34.0,1,Bartender,0.0,0.0,0.0,0.0,0.0,0.0
409,Hali Ford,0.49,2.41,0.2,0,4,8,49,5,0.77,1.87,10,0.97,2.35,21,1,0.0,0.0,1,0,1.0,0.0,34,2.0,0.0,7,3.0,9.0,3.0,0.33299999999999996,0,26,California,0,412,0,34.0,0,Law Student,0.0,0.0,0.0,0.0,0.0,0.0
410,Zeke Smith,1.3,5.97,0.22,0,3,11,60,6,0.47,0.93,10,0.69,2.24,29,3,0.0,0.0,4,0,4.0,0.0,34,5.0,4.0,7,3.0,12.0,7.0,0.667,0,28,New York,0,413,0,34.0,1,Asset Manager,0.0,0.0,0.0,0.0,0.0,0.0
411,Caleb Reynolds,0.0,0.38,0.0,0,2,5,25,3,0.6,2.07,10,0.6,2.07,9,1,0.0,0.0,0,0,0.0,0.0,34,0.0,0.0,3,0.0,3.0,0.0,0.0,0,28,Kentucky,0,414,0,34.0,1,Army Veteran,0.0,0.0,0.0,0.0,0.0,0.0
412,Jeff Varner,0.41,1.41,0.29,0,3,6,48,6,0.48,1.4,10,0.77,1.81,18,3,0.0,0.0,0,0,0.0,0.0,34,2.0,1.0,7,1.0,9.0,2.0,0.278,0,50,North Carolina,0,415,0,34.0,1,Internet Projects Manager,0.0,0.0,0.0,0.0,0.0,0.0
413,Michaela Bradshaw,0.55,9.31,0.06,1,7,11,106,11,0.63,1.19,10,0.69,1.74,35,4,0.0,0.0,7,0,7.0,0.0,34,6.0,0.0,7,3.0,13.0,3.0,0.26899999999999996,0,25,Texas,0,416,0,34.0,0,Vacation Club Sales,0.0,0.0,0.0,0.0,0.0,0.0
414,Sandra Diaz-Twine,0.27,1.12,0.24,1,2,5,42,5,0.38,1.24,10,0.61,1.51,16,3,0.0,0.0,0,0,0.0,0.0,34,1.0,0.0,6,1.0,7.0,1.0,0.214,0,41,North Carolina,0,417,0,34.0,0,Office Assistant,0.0,0.0,0.0,0.0,0.0,0.0
415,Tony Vlachos,0.0,0.21,0.0,0,1,7,19,2,0.32,1.27,10,0.32,1.27,6,1,0.0,0.0,0,0,0.0,0.0,34,0.0,0.0,2,0.0,2.0,0.0,0.0,0,42,New Jersey,0,418,0,34.0,1,Police Officer,0.0,0.0,0.0,0.0,0.0,0.0
416,Ciera Eastin,0.0,0.1,0.0,0,0,9,10,1,-0.9,0.0,10,-0.9,0.0,3,1,0.0,0.0,0,0,0.0,0.0,34,0.0,0.0,1,0.0,1.0,0.0,0.0,0,27,Oregon,0,419,0,34.0,0,Cosmetology Student,0.0,0.0,0.0,0.0,0.0,0.0
